Acc_X,Acc_Y,Acc_Z,Gyro_X,Gyro_Y,Gyro_Z
-3.35,9.1,-1.95,0.01,-0.06,-0.01
-3.35,9.15,-1.96,0.01,-0.06,-0.0
-3.35,9.1,-1.94,0.01,-0.06,-0.0
-3.3,9.1,-1.92,0.01,-0.06,-0.0
-3.33,9.13,-1.94,0.01,-0.06,-0.01
-3.35,9.13,-1.93,0.01,-0.06,-0.01
-3.36,9.13,-1.92,0.01,-0.06,-0.01
-3.31,9.13,-1.93,0.01,-0.06,-0.01
-3.35,9.12,-1.91,0.01,-0.06,-0.01
-3.38,9.11,-1.95,0.01,-0.06,-0.01
-3.32,9.12,-1.92,0.01,-0.06,-0.01
-3.33,9.12,-1.92,0.01,-0.06,-0.01
-3.32,9.12,-1.94,0.01,-0.06,-0.01
-3.36,9.13,-1.96,0.01,-0.06,-0.01
-3.36,9.13,-1.93,0.01,-0.06,-0.01
-3.34,9.11,-1.93,0.01,-0.06,-0.01
-3.33,9.12,-1.95,0.01,-0.06,-0.01
-3.37,9.13,-1.95,0.01,-0.06,-0.01
-3.35,9.12,-1.93,0.01,-0.06,-0.0
-3.33,9.11,-1.94,0.01,-0.06,-0.01
-3.34,9.11,-1.92,0.01,-0.06,-0.01
-3.34,9.16,-1.92,0.01,-0.06,-0.01
-3.36,9.12,-1.95,0.01,-0.06,-0.01
-3.34,9.15,-1.94,0.01,-0.06,-0.01
-3.32,9.11,-1.95,0.01,-0.06,-0.01
-3.33,9.11,-1.97,0.01,-0.06,-0.01
-3.35,9.14,-1.94,0.01,-0.06,-0.01
-3.32,9.14,-1.92,0.01,-0.06,-0.0
-3.33,9.13,-1.91,0.01,-0.06,-0.01
-3.32,9.11,-1.93,0.02,-0.06,-0.01
-3.32,9.14,-1.95,0.01,-0.06,-0.01
-3.32,9.11,-1.94,0.01,-0.06,-0.01
-3.31,9.12,-1.92,0.01,-0.06,-0.0
-3.32,9.13,-1.95,0.01,-0.06,-0.01
-3.36,9.14,-1.95,0.01,-0.06,-0.01
-3.33,9.13,-1.93,0.01,-0.06,-0.0
-3.34,9.13,-1.92,0.01,-0.06,-0.01
-3.33,9.13,-1.95,0.01,-0.06,-0.01
-3.35,9.16,-1.95,0.01,-0.06,-0.01
-3.36,9.15,-1.99,0.01,-0.06,-0.01
-3.3,9.15,-1.92,0.01,-0.06,-0.01
-3.33,9.14,-1.94,0.01,-0.06,-0.01
-3.31,9.11,-1.96,0.01,-0.06,-0.0
-3.35,9.15,-1.96,0.01,-0.06,-0.0
-3.34,9.1,-1.91,0.01,-0.06,-0.01
-3.34,9.13,-1.94,0.01,-0.06,-0.01
-3.34,9.13,-1.97,0.01,-0.06,-0.01
-3.35,9.15,-1.93,0.01,-0.06,-0.01
-3.35,9.12,-1.94,0.01,-0.06,-0.01
-3.33,9.15,-1.95,0.01,-0.06,-0.01
-3.33,9.12,-1.95,0.01,-0.06,-0.01
-3.32,9.13,-1.95,0.01,-0.06,-0.0
-3.33,9.12,-1.95,0.01,-0.06,-0.01
-3.35,9.13,-1.93,0.01,-0.06,-0.01
-3.31,9.15,-1.95,0.01,-0.06,-0.01
-3.35,9.16,-1.95,0.01,-0.06,-0.0
-3.33,9.13,-1.92,0.01,-0.06,-0.01
-3.32,9.12,-1.94,0.01,-0.06,-0.01
-3.34,9.11,-1.98,0.01,-0.06,-0.01
-3.35,9.13,-1.95,0.01,-0.06,-0.01
-3.33,9.15,-1.94,0.01,-0.06,-0.01
-3.35,9.12,-1.95,0.01,-0.06,-0.01
-3.35,9.14,-1.96,0.01,-0.06,-0.0
-3.35,9.15,-1.95,0.01,-0.06,-0.01
-3.31,9.12,-1.95,0.01,-0.06,-0.01
-3.32,9.1,-1.92,0.01,-0.06,-0.01
-3.35,9.12,-1.95,0.01,-0.06,-0.01
-3.36,9.12,-1.95,0.01,-0.06,-0.01
-3.33,9.12,-1.97,0.01,-0.06,-0.0
-3.31,9.12,-1.94,0.01,-0.06,-0.01
-3.33,9.12,-1.97,0.01,-0.06,-0.01
-3.35,9.14,-1.95,0.02,-0.06,-0.01
-3.28,9.12,-1.83,0.01,-0.06,-0.01
-3.49,8.45,-0.97,0.01,-0.04,-0.03
-3.07,8.74,-1.87,0.15,-0.1,-0.06
-3.55,9.58,-2.39,0.38,-0.24,-0.01
-3.32,10.02,-2.64,0.4,-0.32,-0.07
-3.18,9.77,-2.44,0.32,-0.32,-0.18
-2.98,9.41,-2.18,0.21,-0.29,-0.27
-3.24,9.05,-1.9,0.09,-0.22,-0.31
-3.53,8.77,-1.83,-0.02,-0.13,-0.29
-3.77,8.55,-1.81,-0.11,-0.03,-0.18
-3.82,8.49,-1.76,-0.14,0.04,-0.02
-3.68,8.64,-1.82,-0.15,0.07,0.16
-3.48,8.84,-1.83,-0.15,0.09,0.27
-3.35,9.12,-1.92,-0.14,0.09,0.33
-3.21,9.37,-1.99,-0.12,0.08,0.31
-3.07,9.46,-1.97,-0.1,0.06,0.24
-3.12,9.44,-1.99,-0.08,0.03,0.13
-3.15,9.31,-1.96,-0.04,-0.01,0.03
-3.24,9.22,-1.94,0.01,-0.06,-0.05
-3.31,9.14,-1.9,0.06,-0.1,-0.09
-3.35,9.1,-1.91,0.11,-0.14,-0.11
-3.38,9.09,-1.92,0.14,-0.16,-0.12
-3.37,9.09,-1.92,0.16,-0.17,-0.12
-3.32,9.06,-1.89,0.16,-0.17,-0.11
-3.34,9.02,-1.89,0.16,-0.16,-0.1
-3.34,9.04,-1.9,0.15,-0.15,-0.1
-3.4,9.02,-1.87,0.15,-0.14,-0.08
-3.37,9.0,-1.83,0.16,-0.13,-0.08
-3.37,9.06,-1.94,0.17,-0.13,-0.07
-3.36,9.15,-2.02,0.19,-0.14,-0.07
-3.76,9.91,-3.4,0.19,-0.18,-0.06
-4.44,9.31,-3.21,0.05,-0.31,-0.04
-2.32,9.0,-4.12,-0.24,-0.6,-0.07
-4.05,8.91,-2.9,-0.44,-0.84,0.12
-4.05,8.88,-2.07,-0.54,-1.0,0.21
-3.44,8.83,-1.56,-0.52,-1.04,0.3
-2.92,9.0,-1.25,-0.46,-0.97,0.35
-3.0,9.21,-1.24,-0.41,-0.9,0.28
-3.23,9.31,-1.38,-0.35,-0.82,0.16
-3.17,9.44,-1.65,-0.27,-0.74,0.1
-3.57,9.22,-1.42,-0.2,-0.66,0.07
-2.93,9.11,-1.49,-0.12,-0.63,0.02
-2.98,9.21,-1.53,-0.04,-0.56,0.01
-3.3,9.25,-1.4,-0.0,-0.49,-0.04
-3.13,9.21,-1.47,0.02,-0.4,-0.09
-3.4,9.09,-1.39,0.04,-0.29,-0.11
-3.24,9.0,-1.56,0.04,-0.2,-0.13
-3.42,8.93,-1.67,0.02,-0.12,-0.1
-3.5,8.98,-1.74,-0.01,-0.07,-0.05
-3.6,8.99,-1.76,-0.05,0.0,0.02
-3.64,8.96,-1.73,-0.1,0.07,0.1
-3.58,8.9,-1.81,-0.15,0.12,0.16
-3.42,8.92,-1.87,-0.17,0.13,0.23
-3.4,9.0,-1.79,-0.16,0.11,0.28
-3.4,9.14,-1.78,-0.14,0.08,0.28
-3.36,9.27,-1.81,-0.1,0.05,0.26
-3.19,9.37,-1.9,-0.05,0.01,0.22
-3.12,9.41,-1.9,-0.02,-0.02,0.16
-3.03,9.3,-1.91,-0.0,-0.05,0.08
-2.87,8.92,-2.16,0.03,-0.05,-0.01
-2.28,8.71,-2.89,0.09,-0.01,-0.09
-2.95,9.22,-2.82,0.17,0.08,-0.03
-3.59,9.12,-2.24,0.2,0.1,0.07
-3.24,8.82,-1.9,0.21,0.09,0.12
-3.51,9.08,-1.4,0.24,0.11,0.16
-3.97,9.58,-0.81,0.22,0.08,0.16
-3.86,9.65,-0.62,0.15,0.0,0.09
-3.39,9.33,-0.99,0.09,-0.06,-0.01
-3.1,9.22,-1.62,0.08,-0.06,-0.1
-3.26,9.3,-2.05,0.08,-0.06,-0.13
-3.5,9.33,-2.1,0.07,-0.08,-0.12
-3.47,9.25,-2.01,0.06,-0.09,-0.11
-3.39,9.13,-1.85,0.07,-0.1,-0.1
-3.3,9.04,-1.84,0.07,-0.11,-0.1
-3.25,9.08,-1.88,0.07,-0.11,-0.1
-3.36,9.16,-1.89,0.06,-0.11,-0.1
-3.45,9.23,-1.89,0.05,-0.11,-0.09
-3.4,9.21,-1.9,0.05,-0.11,-0.09
-3.39,9.13,-1.87,0.04,-0.1,-0.08
-3.32,9.08,-1.82,0.03,-0.1,-0.07
-3.32,9.07,-1.82,0.02,-0.08,-0.06
-3.33,9.16,-1.85,0.01,-0.08,-0.06
-3.37,9.16,-1.86,0.0,-0.07,-0.05
-3.47,9.09,-1.83,-0.01,-0.06,-0.05
-3.43,9.03,-1.84,-0.01,-0.05,-0.04
-3.45,9.03,-1.81,-0.01,-0.04,-0.01
-3.38,9.07,-1.8,-0.01,-0.04,0.01
-3.39,9.13,-1.82,-0.01,-0.03,0.04
-3.35,9.15,-1.86,-0.02,-0.02,0.05
-3.34,9.15,-1.87,-0.03,-0.02,0.05
-3.33,9.16,-1.84,-0.04,-0.01,0.05
-3.31,9.15,-1.81,-0.04,-0.01,0.04
-3.37,9.12,-1.83,-0.04,-0.01,0.04
-3.37,9.14,-1.85,-0.04,-0.01,0.04
-3.38,9.14,-1.82,-0.03,-0.02,0.04
-3.32,9.16,-1.82,-0.02,-0.03,0.05
-3.31,9.16,-1.86,-0.01,-0.04,0.04
-3.28,9.16,-1.81,-0.0,-0.04,0.03
-3.3,9.17,-1.82,0.0,-0.05,0.02
-3.31,9.21,-1.87,0.01,-0.05,0.01
-3.32,9.19,-1.84,0.01,-0.06,-0.0
-3.35,9.15,-1.83,0.01,-0.06,-0.01
-3.34,9.15,-1.83,0.02,-0.06,-0.01
-3.34,9.13,-1.87,0.02,-0.07,-0.01
-3.33,9.12,-1.85,0.03,-0.07,-0.01
-3.31,9.15,-1.85,0.04,-0.08,-0.01
-3.35,9.15,-1.86,0.04,-0.08,-0.01
-3.34,9.16,-1.83,0.04,-0.08,-0.02
-3.34,9.14,-1.85,0.04,-0.08,-0.02
-3.34,9.15,-1.87,0.05,-0.08,-0.03
-3.35,9.15,-1.89,0.05,-0.08,-0.03
-3.32,9.15,-1.89,0.05,-0.08,-0.03
-3.34,9.12,-1.85,0.05,-0.08,-0.03
-3.33,9.12,-1.87,0.05,-0.08,-0.03
-3.3,9.13,-1.84,0.05,-0.07,-0.02
-3.32,9.14,-1.85,0.05,-0.06,-0.02
-3.32,9.19,-1.86,0.04,-0.06,-0.02
-3.36,9.15,-1.81,0.04,-0.06,-0.03
-3.33,9.14,-1.82,0.03,-0.05,-0.02
-3.35,9.15,-1.85,0.03,-0.05,-0.03
-3.37,9.16,-1.84,0.03,-0.05,-0.03
-3.38,9.11,-1.81,0.03,-0.05,-0.02
-3.38,9.13,-1.83,0.03,-0.05,-0.02
-3.33,9.12,-1.83,0.02,-0.05,-0.01
-3.38,9.11,-1.82,0.02,-0.05,-0.01
-3.37,9.14,-1.85,0.02,-0.05,-0.0
-3.34,9.15,-1.85,0.01,-0.04,0.0
-3.35,9.16,-1.87,0.01,-0.04,0.01
-3.35,9.16,-1.86,0.0,-0.04,0.01
-3.35,9.13,-1.84,-0.0,-0.03,0.01
-3.36,9.12,-1.84,-0.0,-0.03,0.01
-3.35,9.15,-1.86,-0.0,-0.03,0.02
-3.33,9.16,-1.84,-0.0,-0.03,0.02
-3.32,9.15,-1.84,-0.0,-0.03,0.02
-3.32,9.14,-1.84,0.0,-0.03,0.01
-3.34,9.14,-1.85,0.0,-0.04,0.01
-3.32,9.14,-1.86,0.01,-0.04,0.01
-3.34,9.13,-1.86,0.01,-0.04,0.01
-3.3,9.16,-1.87,0.01,-0.05,0.01
-3.33,9.15,-1.84,0.01,-0.05,0.0
-3.35,9.16,-1.84,0.02,-0.05,0.0
-3.32,9.14,-1.82,0.02,-0.05,0.0
-3.31,9.15,-1.83,0.02,-0.05,-0.0
-3.34,9.15,-1.84,0.02,-0.05,-0.0
-3.35,9.16,-1.84,0.03,-0.05,-0.0
-3.34,9.16,-1.86,0.03,-0.06,-0.0
-3.34,9.15,-1.85,0.03,-0.06,-0.01
-3.33,9.17,-1.83,0.03,-0.06,-0.01
-3.35,9.14,-1.83,0.03,-0.06,-0.01
-3.35,9.17,-1.83,0.03,-0.06,-0.01
-3.35,9.14,-1.84,0.03,-0.06,-0.01
-3.31,9.15,-1.85,0.03,-0.06,-0.01
-3.33,9.15,-1.84,0.03,-0.07,-0.02
-3.33,9.15,-1.83,0.03,-0.07,-0.02
-3.34,9.15,-1.85,0.03,-0.07,-0.02
-3.32,9.15,-1.84,0.03,-0.07,-0.02
-3.36,9.16,-1.91,0.03,-0.07,-0.02
-3.35,9.13,-1.86,0.02,-0.06,-0.02
-3.36,9.15,-1.84,0.02,-0.06,-0.02
-3.35,9.16,-1.87,0.02,-0.06,-0.01
-3.35,9.14,-1.88,0.02,-0.06,-0.01
-3.37,9.14,-1.87,0.02,-0.06,-0.01
-3.34,9.17,-1.85,0.02,-0.06,-0.01
-3.35,9.15,-1.82,0.01,-0.05,-0.0
-3.35,9.15,-1.83,0.01,-0.05,-0.0
-3.36,9.15,-1.83,0.0,-0.05,0.0
-3.35,9.14,-1.87,0.0,-0.05,0.0
-3.35,9.15,-1.84,0.0,-0.05,0.0
-3.35,9.12,-1.84,0.0,-0.05,0.0
-3.35,9.16,-1.86,0.0,-0.05,0.0
-3.35,9.15,-1.84,0.0,-0.05,0.0
-3.32,9.15,-1.85,0.0,-0.05,0.0
-3.33,9.16,-1.83,0.0,-0.05,0.0
-3.35,9.17,-1.85,0.01,-0.05,0.0
-3.34,9.12,-1.81,0.01,-0.05,0.0
-3.35,9.11,-1.86,0.01,-0.05,-0.0
-3.33,9.14,-1.8,0.01,-0.05,0.0
-3.35,9.15,-1.86,0.01,-0.06,-0.0
-3.35,9.15,-1.85,0.01,-0.06,-0.0
-3.34,9.16,-1.86,0.01,-0.06,-0.0
-3.34,9.15,-1.84,0.01,-0.06,-0.01
-3.35,9.15,-1.89,0.02,-0.06,-0.01
-3.34,9.15,-1.87,0.01,-0.06,-0.01
-3.33,9.13,-1.84,0.02,-0.06,-0.01
-3.34,9.13,-1.84,0.02,-0.06,-0.01
-3.33,9.13,-1.87,0.02,-0.07,-0.01
-3.33,9.15,-1.87,0.02,-0.07,-0.01
-3.34,9.13,-1.84,0.02,-0.07,-0.01
-3.34,9.12,-1.85,0.02,-0.07,-0.01
-3.35,9.12,-1.88,0.02,-0.07,-0.01
-3.35,9.16,-1.86,0.02,-0.07,-0.01
-3.35,9.14,-1.91,0.02,-0.07,-0.01
-3.3,9.14,-1.85,0.02,-0.06,-0.01
-3.33,9.15,-1.85,0.02,-0.07,-0.01
-3.34,9.14,-1.89,0.02,-0.07,-0.01
-3.35,9.14,-1.85,0.02,-0.07,-0.01
-3.35,9.13,-1.85,0.02,-0.07,-0.01
-3.34,9.11,-1.84,0.01,-0.07,-0.01
-3.37,9.11,-1.86,0.01,-0.06,-0.01
-3.34,9.15,-1.86,0.01,-0.06,-0.0
-3.35,9.14,-1.86,0.01,-0.06,-0.01
-3.34,9.15,-1.87,0.01,-0.06,-0.0
-3.35,9.15,-1.88,0.01,-0.06,-0.0
-3.37,9.17,-1.88,0.01,-0.06,-0.0
-3.33,9.17,-1.83,0.01,-0.06,-0.0
-3.34,9.12,-1.87,0.01,-0.06,-0.0
-3.38,9.14,-1.88,0.01,-0.06,-0.0
-3.38,9.15,-1.87,0.01,-0.06,-0.0
-3.35,9.14,-1.87,0.01,-0.06,-0.0
-3.35,9.13,-1.86,0.01,-0.06,-0.0
-3.35,9.14,-1.82,0.01,-0.06,-0.0
-3.33,9.13,-1.87,0.01,-0.06,-0.0
-3.34,9.15,-1.88,0.01,-0.06,-0.0
-3.35,9.13,-1.88,0.01,-0.06,-0.0
-3.37,9.15,-1.86,0.01,-0.06,-0.0
-3.36,9.15,-1.86,0.01,-0.06,-0.0
-3.34,9.15,-1.85,0.01,-0.06,-0.01
-3.32,9.16,-1.82,0.01,-0.06,-0.0
-3.34,9.17,-1.84,0.01,-0.06,-0.01
-3.33,9.15,-1.85,0.01,-0.06,-0.01
-3.35,9.16,-1.86,0.01,-0.06,-0.01
-3.35,9.14,-1.88,0.02,-0.06,-0.01
-3.35,9.15,-1.85,0.01,-0.06,-0.01
-3.32,9.16,-1.89,0.02,-0.06,-0.01
-3.3,9.13,-1.84,0.02,-0.06,-0.01
-3.34,9.14,-1.84,0.02,-0.06,-0.01
-3.34,9.16,-1.87,0.02,-0.06,-0.01
-3.35,9.16,-1.83,0.02,-0.07,-0.01
-3.34,9.14,-1.85,0.02,-0.06,-0.01
-3.33,9.13,-1.84,0.02,-0.06,-0.01
-3.35,9.14,-1.86,0.02,-0.07,-0.01
-3.34,9.15,-1.85,0.02,-0.06,-0.01
-3.33,9.15,-1.83,0.02,-0.06,-0.01
-3.33,9.14,-1.83,0.02,-0.06,-0.01
-3.35,9.14,-1.84,0.01,-0.06,-0.01
-3.32,9.15,-1.86,0.02,-0.06,-0.01
-3.35,9.2,-1.84,0.02,-0.06,-0.01
-3.32,9.17,-1.86,0.01,-0.06,-0.0
-3.34,9.15,-1.87,0.01,-0.06,-0.0
-3.35,9.12,-1.88,0.01,-0.06,-0.01
-3.34,9.14,-1.88,0.01,-0.06,-0.01
-3.34,9.15,-1.86,0.01,-0.06,-0.0
-3.32,9.15,-1.89,0.01,-0.06,-0.0
-3.34,9.15,-1.84,0.01,-0.06,-0.0
-3.35,9.16,-1.86,0.01,-0.06,-0.0
-3.32,9.16,-1.86,0.01,-0.06,-0.0
-3.36,9.15,-1.86,0.01,-0.06,-0.0
-3.35,9.17,-1.86,0.01,-0.06,-0.0
-3.35,9.15,-1.86,0.01,-0.05,-0.0
-3.36,9.14,-1.84,0.01,-0.06,-0.0
-3.34,9.15,-1.85,0.01,-0.05,-0.0
-3.34,9.12,-1.86,0.01,-0.05,-0.0
-3.36,9.12,-1.87,0.01,-0.06,-0.0
-3.34,9.14,-1.84,0.01,-0.06,-0.0
-3.35,9.12,-1.84,0.01,-0.06,-0.0
-3.33,9.13,-1.88,0.01,-0.06,-0.0
-3.36,9.16,-1.85,0.01,-0.06,-0.0
-3.36,9.15,-1.84,0.01,-0.06,-0.01
-3.35,9.16,-1.86,0.01,-0.06,-0.01
-3.33,9.16,-1.86,0.01,-0.06,-0.01
-3.34,9.16,-1.87,0.01,-0.06,-0.01
-3.32,9.15,-1.87,0.02,-0.06,-0.0
-3.31,9.12,-1.86,0.02,-0.06,-0.01
-3.34,9.17,-1.84,0.02,-0.06,-0.01
-3.32,9.17,-1.88,0.02,-0.06,-0.01
-3.32,9.15,-1.85,0.02,-0.06,-0.01
-3.34,9.13,-1.85,0.02,-0.06,-0.01
-3.3,9.15,-1.86,0.02,-0.06,-0.01
-3.34,9.15,-1.88,0.02,-0.06,-0.0
-3.34,9.15,-1.83,0.02,-0.06,-0.01
-3.3,9.16,-1.82,0.02,-0.06,-0.01
-3.36,9.17,-1.84,0.01,-0.06,-0.01
-3.36,9.16,-1.87,0.02,-0.06,-0.01
-3.34,9.15,-1.85,0.02,-0.06,-0.01
-3.32,9.13,-1.85,0.02,-0.06,-0.01
-3.34,9.15,-1.83,0.02,-0.06,-0.01
-3.35,9.15,-1.84,0.01,-0.06,-0.01
-3.32,9.11,-1.84,0.01,-0.06,-0.01
-3.35,9.17,-1.84,0.01,-0.06,-0.01
-3.31,9.16,-1.87,0.01,-0.06,-0.01
-3.34,9.17,-1.88,0.01,-0.06,-0.01
-3.35,9.15,-1.87,0.01,-0.06,-0.0
-3.34,9.13,-1.88,0.01,-0.06,-0.01
-3.33,9.14,-1.86,0.01,-0.06,-0.0
-3.34,9.14,-1.87,0.01,-0.06,-0.0
-3.34,9.14,-1.88,0.01,-0.06,-0.0
-3.36,9.15,-1.86,0.01,-0.06,-0.0
-3.34,9.1,-1.86,0.01,-0.06,-0.01
-3.32,9.16,-1.87,0.01,-0.06,-0.0
-3.36,9.15,-1.87,0.01,-0.06,-0.01
-3.35,9.13,-1.88,0.01,-0.06,-0.0
-3.36,9.15,-1.85,0.01,-0.06,-0.0
-3.35,9.17,-1.85,0.01,-0.06,-0.01
-3.35,9.14,-1.83,0.01,-0.06,-0.0
-3.34,9.13,-1.85,0.01,-0.06,-0.01
-3.32,9.16,-1.87,0.01,-0.06,-0.01
-3.33,9.15,-1.87,0.01,-0.06,-0.01
-3.38,9.15,-1.87,0.01,-0.06,-0.01
-3.35,9.14,-1.81,0.01,-0.06,-0.01
-3.33,9.15,-1.88,0.01,-0.06,-0.01
-3.35,9.15,-1.87,0.01,-0.06,-0.0
-3.37,9.18,-1.85,0.01,-0.06,-0.01
-3.36,9.16,-1.82,0.01,-0.06,-0.01
-3.32,9.16,-1.87,0.01,-0.06,-0.01
-3.35,9.15,-1.83,0.02,-0.06,-0.01
-3.34,9.17,-1.87,0.01,-0.06,-0.0
-3.34,9.14,-1.85,0.01,-0.06,-0.01
-3.31,9.16,-1.87,0.01,-0.06,-0.01
-3.33,9.15,-1.83,0.01,-0.06,-0.01
-3.36,9.14,-1.85,0.01,-0.06,-0.01
-3.34,9.13,-1.88,0.01,-0.06,-0.01
-3.35,9.15,-1.87,0.01,-0.06,-0.0
-3.33,9.15,-1.82,0.01,-0.06,-0.01
-3.35,9.16,-1.9,0.01,-0.06,-0.01
-3.35,9.14,-1.86,0.01,-0.06,-0.01
-3.29,9.15,-1.86,0.01,-0.06,-0.01
-3.34,9.14,-1.86,0.02,-0.06,-0.01
-3.3,9.18,-1.86,0.01,-0.06,-0.01
-3.34,9.13,-1.88,0.01,-0.06,-0.0
-3.32,9.14,-1.88,0.01,-0.06,-0.01
-3.32,9.15,-1.85,0.01,-0.06,-0.01
-3.33,9.13,-1.83,0.01,-0.06,-0.01
-3.36,9.15,-1.86,0.01,-0.06,-0.0
-3.35,9.16,-1.86,0.01,-0.06,-0.0
-3.33,9.15,-1.88,0.01,-0.06,-0.0
-3.33,9.14,-1.9,0.01,-0.06,-0.01
-3.32,9.15,-1.87,0.01,-0.06,-0.0
-3.31,9.16,-1.86,0.01,-0.06,-0.0
-3.33,9.14,-1.87,0.01,-0.06,-0.0
-3.33,9.16,-1.86,0.01,-0.06,-0.0
-3.32,9.14,-1.85,0.01,-0.06,-0.0
-3.33,9.15,-1.86,0.01,-0.06,-0.01
-3.28,9.14,-1.85,0.01,-0.06,-0.01
-3.33,9.14,-1.84,0.01,-0.06,-0.01
-3.34,9.15,-1.85,0.01,-0.06,-0.01
-3.35,9.15,-1.84,0.01,-0.06,-0.01
-3.35,9.13,-1.83,0.01,-0.06,-0.01
-3.33,9.12,-1.84,0.02,-0.06,-0.01
-3.34,9.17,-1.84,0.01,-0.06,-0.01
-3.34,9.15,-1.85,0.01,-0.06,-0.0
-3.34,9.14,-1.86,0.01,-0.06,-0.01
-3.31,9.15,-1.88,0.01,-0.06,-0.01
-3.34,9.15,-1.87,0.01,-0.06,-0.01
-3.34,9.16,-1.86,0.01,-0.06,-0.01
-3.33,9.14,-1.83,0.02,-0.06,-0.01
-3.34,9.15,-1.85,0.02,-0.06,-0.01
-3.34,9.14,-1.85,0.01,-0.06,-0.01
-3.37,9.16,-1.87,0.01,-0.06,-0.01
-3.35,9.12,-1.87,0.01,-0.06,-0.01
-3.35,9.13,-1.84,0.02,-0.06,-0.01
-3.34,9.16,-1.83,0.01,-0.06,-0.01
-3.36,9.15,-1.86,0.01,-0.06,-0.01
-3.35,9.13,-1.83,0.01,-0.06,-0.01
-3.33,9.15,-1.83,0.01,-0.06,-0.01
-3.3,9.12,-1.82,0.01,-0.06,-0.01
-3.38,9.15,-1.85,0.01,-0.06,-0.01
-3.37,9.14,-1.85,0.01,-0.06,-0.01
-3.35,9.13,-1.85,0.01,-0.06,-0.01
-3.35,9.15,-1.85,0.01,-0.06,-0.01
-3.35,9.15,-1.86,0.01,-0.06,-0.01
-3.34,9.15,-1.87,0.01,-0.06,-0.01
-3.35,9.14,-1.86,0.01,-0.06,-0.01
-3.34,9.14,-1.85,0.01,-0.06,-0.01
-3.34,9.13,-1.82,0.01,-0.06,-0.0
-3.34,9.17,-1.88,0.01,-0.06,-0.0
-3.34,9.14,-1.84,0.01,-0.06,-0.01
-3.34,9.15,-1.84,0.01,-0.06,-0.01
-3.34,9.13,-1.87,0.01,-0.06,-0.01
-3.34,9.16,-1.84,0.01,-0.06,-0.0
-3.33,9.16,-1.85,0.01,-0.06,-0.0
-3.32,9.14,-1.86,0.01,-0.06,-0.0
-3.31,9.16,-1.87,0.01,-0.06,-0.01
-3.32,9.18,-1.86,0.01,-0.06,-0.0
-3.34,9.16,-1.86,0.01,-0.06,-0.0
-3.36,9.14,-1.87,0.01,-0.06,-0.01
-3.34,9.15,-1.85,0.01,-0.06,-0.01
-3.31,9.13,-1.86,0.01,-0.06,-0.01
-3.34,9.15,-1.85,0.01,-0.06,-0.0
-3.35,9.14,-1.85,0.01,-0.06,-0.01
-3.32,9.16,-1.9,0.01,-0.06,-0.0
-3.33,9.16,-1.87,0.01,-0.06,-0.0
-3.34,9.16,-1.85,0.01,-0.06,-0.01
-3.32,9.15,-1.87,0.01,-0.06,-0.01
-3.34,9.14,-1.88,0.01,-0.06,-0.01
-3.35,9.15,-1.88,0.02,-0.06,-0.01
-3.33,9.14,-1.86,0.01,-0.06,-0.0
-3.33,9.17,-1.83,0.01,-0.06,-0.0
-3.34,9.15,-1.85,0.01,-0.06,-0.01
-3.35,9.13,-1.85,0.01,-0.06,-0.01
-3.35,9.16,-1.89,0.01,-0.06,-0.01
-3.33,9.14,-1.86,0.01,-0.06,-0.01
-3.33,9.13,-1.88,0.01,-0.06,-0.01
-3.31,9.13,-1.86,0.01,-0.06,-0.01
-3.32,9.15,-1.85,0.02,-0.06,-0.01
-3.29,9.16,-1.84,0.01,-0.06,-0.01
-3.31,9.14,-1.83,0.01,-0.06,-0.01
-3.33,9.13,-1.87,0.01,-0.06,-0.01
-3.33,9.15,-1.86,0.01,-0.06,-0.01
-3.3,9.15,-1.85,0.01,-0.06,-0.01
-3.35,9.13,-1.87,0.01,-0.06,-0.0
-3.35,9.14,-1.86,0.01,-0.06,-0.01
-3.36,9.15,-1.87,0.01,-0.06,-0.0
-3.34,9.15,-1.83,0.01,-0.06,-0.01
-3.33,9.14,-1.86,0.01,-0.06,-0.01
-3.35,9.15,-1.87,0.01,-0.06,-0.01
-3.35,9.16,-1.9,0.01,-0.06,-0.01
-3.34,9.13,-1.83,0.01,-0.06,-0.01
-3.37,9.13,-1.86,0.01,-0.06,-0.01
-3.36,9.13,-1.86,0.01,-0.06,-0.01
-3.35,9.12,-1.86,0.01,-0.06,-0.01
-3.33,9.15,-1.84,0.01,-0.06,-0.01
-3.35,9.16,-1.89,0.01,-0.06,-0.01
-3.35,9.15,-1.85,0.01,-0.06,-0.01
-3.35,9.15,-1.88,0.01,-0.06,-0.01
-3.33,9.12,-1.87,0.01,-0.06,-0.01
-3.34,9.14,-1.83,0.01,-0.06,-0.01
-3.33,9.13,-1.84,0.01,-0.06,-0.01
-3.33,9.16,-1.85,0.01,-0.06,-0.01
-3.33,9.14,-1.87,0.01,-0.06,-0.0
-3.33,9.14,-1.86,0.01,-0.06,-0.01
-3.35,9.13,-1.8,0.01,-0.06,-0.01
-3.34,9.14,-1.83,0.01,-0.06,-0.01
-3.35,9.14,-1.86,0.01,-0.06,-0.01
-3.33,9.15,-1.83,0.01,-0.06,-0.01
-3.33,9.15,-1.88,0.01,-0.06,-0.01
-3.35,9.15,-1.86,0.01,-0.06,-0.01
-3.37,9.18,-1.88,0.01,-0.06,-0.0
-3.35,9.12,-1.82,0.01,-0.06,-0.0
-3.33,9.14,-1.84,0.01,-0.06,-0.01
-3.32,9.16,-1.86,0.01,-0.06,-0.0
-3.34,9.12,-1.87,0.01,-0.06,-0.01
-3.33,9.16,-1.84,0.01,-0.06,-0.01
-3.32,9.12,-1.88,0.01,-0.06,-0.0
-3.35,9.15,-1.87,0.01,-0.06,-0.01
-3.36,9.16,-1.87,0.01,-0.06,-0.0
-3.33,9.13,-1.83,0.01,-0.06,-0.0
-3.34,9.13,-1.87,0.01,-0.06,-0.0
-3.35,9.18,-1.83,0.01,-0.06,-0.0
-3.35,9.15,-1.87,0.01,-0.06,-0.01
-3.35,9.18,-1.85,0.01,-0.06,-0.01
-3.32,9.11,-1.84,0.01,-0.06,-0.0
-3.35,9.11,-1.83,0.01,-0.06,-0.0
-3.35,9.15,-1.85,0.01,-0.06,-0.01
-3.35,9.15,-1.86,0.01,-0.06,-0.01
-3.33,9.15,-1.85,0.01,-0.06,-0.01
-3.34,9.15,-1.88,0.01,-0.06,-0.01
-3.36,9.15,-1.88,0.01,-0.06,-0.01
-3.35,9.16,-1.86,0.01,-0.06,-0.01
-3.34,9.12,-1.85,0.01,-0.06,-0.01
-3.35,9.15,-1.86,0.01,-0.06,-0.0
-3.35,9.14,-1.86,0.01,-0.06,-0.0
-3.32,9.12,-1.83,0.01,-0.06,-0.01
-3.33,9.12,-1.87,0.01,-0.06,-0.0
-3.34,9.15,-1.84,0.01,-0.06,-0.0
-3.36,9.15,-1.87,0.01,-0.06,-0.01
-3.34,9.15,-1.85,0.02,-0.06,-0.01
-3.31,9.08,-1.79,0.01,-0.06,-0.01
-3.02,9.2,-1.59,0.03,-0.05,-0.01
-3.21,9.37,-1.88,-0.02,0.03,-0.03
-3.43,9.12,-1.94,-0.2,0.15,-0.06
-3.51,8.91,-1.95,-0.29,0.21,0.01
-3.66,8.85,-1.8,-0.31,0.24,0.12
-3.67,8.8,-1.72,-0.3,0.24,0.21
-3.54,8.86,-1.78,-0.26,0.22,0.29
-3.46,8.98,-1.76,-0.21,0.2,0.36
-3.3,9.14,-1.81,-0.19,0.19,0.39
-3.22,9.25,-1.83,-0.19,0.19,0.39
-3.05,9.27,-1.85,-0.21,0.21,0.37
-3.05,9.3,-1.85,-0.23,0.23,0.35
-3.04,9.39,-1.83,-0.25,0.24,0.3
-3.19,9.34,-1.79,-0.28,0.25,0.25
-3.27,9.23,-1.82,-0.29,0.26,0.22
-3.29,9.16,-1.89,-0.28,0.26,0.21
-3.32,9.1,-1.83,-0.27,0.24,0.23
-3.28,9.12,-1.73,-0.26,0.23,0.26
-3.28,9.05,-1.68,-0.24,0.23,0.29
-3.23,9.01,-1.6,-0.22,0.22,0.3
-3.13,9.14,-1.68,-0.17,0.21,0.31
-3.1,9.26,-1.66,-0.14,0.2,0.3
-3.12,9.4,-1.71,-0.13,0.21,0.27
-3.03,9.36,-1.82,-0.14,0.22,0.22
-3.02,9.32,-1.77,-0.15,0.23,0.19
-3.05,9.22,-1.68,-0.15,0.23,0.16
-3.16,9.2,-1.73,-0.13,0.21,0.14
-3.16,9.4,-1.67,-0.1,0.19,0.14
-3.02,10.29,-1.22,-0.09,0.15,0.19
-2.72,10.29,-0.38,-0.14,0.06,0.36
-2.89,8.53,-0.34,-0.18,-0.05,0.49
-2.79,8.0,-1.37,-0.15,-0.12,0.38
-3.05,8.72,-2.57,-0.07,-0.09,0.21
-3.96,9.76,-2.79,-0.0,-0.0,0.11
-4.21,10.27,-1.95,-0.01,0.0,0.07
-3.33,9.71,-1.29,-0.04,-0.05,0.1
-3.05,8.62,-0.91,-0.04,-0.13,0.12
-2.7,8.7,-0.99,-0.01,-0.23,0.06
-2.7,9.0,-1.72,0.04,-0.27,0.04
-3.24,9.77,-2.02,0.08,-0.27,0.06
-3.65,10.21,-1.66,0.07,-0.3,0.07
-3.42,9.77,-1.26,0.01,-0.36,0.05
-2.84,8.92,-1.47,-0.01,-0.42,-0.05
-2.72,9.75,-1.61,0.02,-0.43,-0.18
-2.48,9.73,-1.4,0.0,-0.45,-0.15
-3.11,8.04,-1.86,0.02,-0.48,-0.13
-2.81,8.64,-2.91,0.1,-0.45,-0.25
-3.67,9.1,-3.3,0.2,-0.34,-0.21
-3.89,9.35,-2.67,0.25,-0.29,-0.18
-3.32,9.08,-1.8,0.25,-0.27,-0.15
-2.95,8.99,-1.4,0.25,-0.3,-0.13
-3.0,9.27,-1.43,0.23,-0.34,-0.13
-3.25,9.55,-1.59,0.2,-0.37,-0.14
-3.35,9.61,-1.75,0.16,-0.4,-0.16
-3.24,9.43,-1.7,0.12,-0.42,-0.2
-3.09,9.14,-1.75,0.1,-0.42,-0.24
-3.09,9.29,-1.7,0.09,-0.41,-0.26
-3.1,8.93,-1.99,0.09,-0.4,-0.26
-2.94,8.9,-2.36,0.1,-0.36,-0.26
-3.19,8.9,-2.35,0.11,-0.29,-0.21
-3.4,9.11,-2.08,0.12,-0.23,-0.16
-3.26,9.07,-1.76,0.11,-0.2,-0.12
-3.16,9.09,-1.58,0.09,-0.16,-0.08
-3.19,9.22,-1.56,0.06,-0.14,-0.05
-3.18,9.33,-1.69,0.02,-0.12,-0.03
-3.29,9.37,-1.7,-0.02,-0.09,-0.02
-3.3,9.3,-1.6,-0.06,-0.08,-0.02
-3.23,9.15,-1.67,-0.08,-0.08,-0.02
-3.17,9.23,-1.76,-0.08,-0.08,-0.02
-3.29,9.25,-1.65,-0.09,-0.09,-0.0
-3.27,9.25,-1.66,-0.09,-0.1,0.0
-3.15,9.12,-1.75,-0.09,-0.1,0.0
-3.22,9.19,-1.73,-0.07,-0.09,-0.0
-3.17,9.28,-1.67,-0.07,-0.08,-0.01
-3.2,9.23,-1.55,-0.08,-0.07,-0.01
-3.0,9.29,0.42,-0.09,-0.05,-0.01
-3.14,9.28,1.09,-0.02,0.06,0.01
-3.56,10.0,1.46,0.05,0.19,0.02
-3.54,9.95,1.52,0.01,0.2,0.06
-3.88,9.63,1.64,-0.07,0.16,0.08
-3.71,9.92,1.15,-0.12,0.11,0.06
-2.49,9.57,-0.65,-0.12,0.11,0.11
-3.17,9.77,0.03,-0.1,0.17,0.28
-3.92,8.33,0.25,-0.09,0.09,0.29
-2.69,9.19,-1.91,-0.05,-0.02,0.1
-3.23,10.22,-3.51,0.01,0.05,0.22
-4.47,9.18,-1.5,0.04,0.11,0.4
-4.23,9.6,0.48,0.03,0.04,0.27
-3.55,7.9,-0.87,-0.02,-0.06,0.15
-1.77,7.59,-3.74,0.0,-0.1,-0.03
-3.63,8.97,-4.67,0.13,0.06,0.18
-7.06,9.03,-3.02,0.19,0.09,0.56
-4.27,8.57,-1.77,0.11,-0.1,0.7
-2.14,7.55,-2.2,0.09,-0.16,0.75
-3.07,8.91,-2.97,0.11,-0.13,0.64
-2.41,10.79,-3.83,0.09,-0.15,0.59
-2.23,9.86,-3.42,0.1,-0.06,0.77
-1.8,9.2,-2.23,0.05,-0.1,0.53
-0.8,9.61,-3.0,0.06,-0.13,0.15
-1.7,9.41,-3.72,0.11,-0.06,-0.02
-2.74,9.89,-3.01,0.13,-0.06,-0.14
-3.35,9.08,-2.7,0.11,-0.12,-0.21
-2.97,8.87,-2.81,0.1,-0.18,-0.28
-3.32,8.66,-3.14,0.11,-0.18,-0.23
-3.22,8.76,-2.89,0.13,-0.17,-0.12
-3.55,9.1,-2.33,0.15,-0.19,0.02
-3.27,8.9,-2.25,0.12,-0.26,0.13
-2.78,9.09,-2.52,0.1,-0.34,0.17
-2.69,8.77,-3.29,0.11,-0.35,0.18
-2.55,9.18,-3.7,0.15,-0.32,0.12
-3.11,9.75,-2.86,0.19,-0.27,0.06
-3.15,9.77,-2.17,0.18,-0.27,-0.02
-2.68,9.48,-2.05,0.17,-0.3,-0.11
-2.91,9.33,-1.98,0.17,-0.35,-0.16
-3.15,9.32,-2.04,0.17,-0.41,-0.2
-3.33,9.35,-2.1,0.17,-0.46,-0.2
-3.44,9.26,-2.09,0.17,-0.49,-0.16
-3.32,9.13,-2.05,0.17,-0.53,-0.1
-3.21,9.05,-2.0,0.17,-0.55,-0.03
-3.12,9.07,-2.02,0.16,-0.57,0.03
-3.09,8.08,-2.54,0.15,-0.57,0.06
-2.34,7.14,-4.13,0.29,-0.49,-0.15
-3.01,10.75,-3.46,0.42,-0.28,-0.21
-2.85,8.44,-3.06,0.45,-0.18,-0.1
-1.92,8.85,-3.22,0.52,-0.12,-0.2
-3.62,8.65,-4.32,0.58,-0.04,-0.18
-3.55,8.76,-6.21,0.59,-0.09,-0.26
-2.9,7.66,-6.81,0.54,-0.07,-0.3
-2.85,7.97,-6.17,0.52,0.03,-0.35
-2.66,8.79,-4.76,0.47,0.13,-0.31
-2.79,9.03,-4.15,0.35,0.16,-0.12
-1.1,8.6,-5.01,0.34,0.23,0.01
-1.68,9.01,-3.42,0.35,0.3,0.08
-1.37,7.5,-3.84,0.41,0.33,0.07
-2.53,12.05,-2.27,0.43,0.32,-0.05
-2.11,8.93,-3.24,0.3,0.25,0.09
-2.13,8.74,-3.77,0.32,0.25,-0.2
-2.94,9.89,-3.33,0.35,0.25,-0.41
-3.12,10.58,-3.6,0.32,0.24,-0.42
-1.83,6.87,-4.84,0.33,0.28,-0.36
-2.56,7.68,-4.03,0.46,0.37,-0.5
-2.59,10.35,-3.06,0.49,0.4,-0.53
-3.46,8.68,-2.67,0.45,0.4,-0.31
-4.23,7.77,-2.59,0.44,0.33,-0.34
-5.15,11.17,-1.51,0.43,0.26,-0.43
-4.69,7.38,-2.26,0.35,0.16,-0.41
-3.32,10.72,-1.26,0.37,0.16,-0.56
-3.93,8.09,-1.19,0.32,0.18,-0.34
-3.39,7.68,-0.94,0.35,0.19,-0.38
-5.0,11.41,0.0,0.38,0.17,-0.43
-5.34,9.87,0.12,0.27,0.06,-0.24
-3.96,7.48,-0.42,0.29,-0.01,-0.31
-3.93,9.88,0.05,0.33,-0.03,-0.46
-4.36,9.99,0.09,0.32,-0.05,-0.41
-4.24,9.02,-0.19,0.27,-0.1,-0.4
-3.41,7.95,-0.58,0.29,-0.13,-0.5
-3.62,10.14,-0.29,0.32,-0.13,-0.57
-4.09,10.36,-0.17,0.28,-0.16,-0.48
-3.52,9.94,-0.39,0.2,-0.2,-0.34
-3.84,7.49,-0.74,0.18,-0.23,-0.31
-3.22,9.46,-0.42,0.2,-0.26,-0.54
-3.54,11.75,0.31,0.13,-0.29,-0.47
-3.08,10.2,0.13,-0.01,-0.34,-0.15
-3.03,6.07,-1.22,0.01,-0.35,-0.14
-3.01,10.35,-0.74,0.1,-0.32,-0.46
-4.02,11.34,-0.3,0.06,-0.3,-0.36
-2.79,8.89,-0.4,-0.03,-0.32,-0.25
-3.31,7.35,-0.77,0.01,-0.28,-0.36
-3.07,11.23,-0.35,0.04,-0.25,-0.6
-3.46,10.46,0.08,-0.04,-0.22,-0.42
-3.76,9.13,0.1,-0.11,-0.25,-0.36
-3.05,9.88,-0.1,-0.12,-0.27,-0.43
-3.12,9.08,-0.32,-0.14,-0.24,-0.37
-3.04,9.37,-0.5,-0.13,-0.18,-0.37
-3.22,9.14,-0.61,-0.12,-0.12,-0.34
-3.24,8.88,-0.85,-0.11,-0.06,-0.33
-3.2,8.67,-1.12,-0.07,0.0,-0.35
-3.14,8.79,-1.54,-0.01,0.08,-0.35
-3.65,8.89,-1.52,0.05,0.18,-0.32
-3.84,8.93,-1.44,0.1,0.25,-0.33
-3.65,9.03,-1.42,0.15,0.31,-0.33
-4.03,9.7,-0.78,0.19,0.37,-0.3
-5.29,9.95,-0.4,0.16,0.34,-0.26
-6.12,11.02,-1.9,0.1,0.16,-0.32
-4.73,10.4,-0.09,-0.6,-0.18,-0.46
-3.92,7.56,0.84,-1.0,-0.21,-0.54
-3.85,7.04,-0.05,-0.87,-0.02,-0.5
-5.67,7.74,0.46,-0.58,0.13,-0.23
-4.91,8.37,-0.52,-0.29,0.17,0.14
-5.23,7.68,-0.05,-0.05,0.19,0.61
-4.8,8.82,0.6,0.07,0.17,0.9
-4.18,9.86,1.6,0.01,0.1,1.07
-2.53,10.44,1.18,-0.16,0.04,0.97
-0.95,11.88,-1.03,-0.24,0.12,0.91
-2.63,11.37,0.31,-0.31,0.23,1.01
-3.32,8.48,1.56,-0.39,0.06,0.56
1.5,12.07,-2.02,-0.34,-0.07,-0.16
-1.15,10.77,-1.84,-0.25,0.18,-0.02
-3.17,9.46,-0.47,-0.21,0.25,-0.11
-4.38,9.59,1.41,-0.28,0.11,-0.43
-3.43,10.31,-0.44,-0.37,-0.04,-0.57
-4.11,7.81,-1.01,-0.43,-0.04,-0.3
-4.7,7.3,-1.34,-0.37,-0.02,-0.17
-6.36,8.03,-1.45,-0.29,0.09,0.13
-6.14,7.3,-0.67,-0.24,0.12,0.48
-2.63,10.72,-1.24,-0.21,0.11,0.73
-5.13,7.95,0.04,-0.27,0.14,1.14
-3.58,7.9,-0.14,-0.29,-0.02,0.86
-2.42,10.97,-2.06,-0.22,-0.01,0.7
-2.77,9.76,-2.04,-0.25,0.0,0.69
-3.26,10.27,-2.66,-0.22,0.07,0.65
-4.19,9.41,-1.35,-0.27,0.01,0.61
-2.65,9.63,-1.16,-0.32,-0.16,0.34
-2.85,9.21,-1.79,-0.35,-0.2,0.26
-4.24,7.54,-1.66,-0.35,-0.27,0.19
-4.07,7.75,-3.69,-0.29,-0.35,0.07
-3.49,9.39,-4.74,-0.22,-0.27,0.45
-4.28,7.23,-2.87,-0.22,-0.2,1.03
-3.21,8.57,-3.26,-0.25,-0.26,1.03
-2.87,9.33,-3.74,-0.33,-0.28,1.19
-1.72,8.82,-3.57,-0.42,-0.35,1.22
-0.94,9.5,-4.4,-0.39,-0.29,1.15
-3.04,8.91,-3.58,-0.34,-0.21,1.12
-5.15,9.74,-3.2,-0.33,-0.23,0.75
-5.97,9.77,-2.02,-0.36,-0.25,0.6
-2.9,8.61,-1.53,-0.39,-0.34,0.37
-0.94,10.92,-2.42,-0.41,-0.41,0.01
-3.24,9.22,-2.56,-0.38,-0.34,0.22
-0.14,9.37,-3.13,-0.27,-0.37,0.21
-0.67,8.36,-2.68,-0.2,-0.35,0.07
-0.12,11.11,-3.62,-0.14,-0.38,-0.22
-4.62,8.07,-2.59,-0.14,-0.32,-0.1
-5.07,7.98,-2.86,-0.06,-0.39,-0.33
-3.1,9.47,-3.18,-0.0,-0.42,-0.25
-2.01,9.93,-3.29,-0.02,-0.41,0.05
-3.0,9.84,-2.94,-0.08,-0.37,0.31
-2.59,7.15,-2.44,-0.13,-0.46,0.22
-1.18,7.8,-4.07,-0.02,-0.46,-0.11
-1.28,9.2,-4.71,0.17,-0.29,-0.17
-4.21,9.55,-4.61,0.31,-0.11,-0.03
-6.76,8.71,-2.56,0.26,-0.16,0.02
-3.74,9.45,-2.57,0.18,-0.36,0.11
-2.42,8.62,-2.67,0.12,-0.43,0.3
-1.68,9.0,-2.93,0.1,-0.45,0.25
-1.35,8.94,-3.48,0.1,-0.43,0.12
-1.33,9.06,-4.52,0.14,-0.36,0.02
-2.94,9.16,-4.61,0.21,-0.28,-0.05
-3.65,9.62,-4.36,0.22,-0.28,-0.17
-3.51,9.01,-4.14,0.19,-0.32,-0.23
-2.87,8.83,-3.18,0.15,-0.35,-0.25
-3.12,8.72,-2.41,0.12,-0.36,-0.2
-3.52,9.04,-2.45,0.08,-0.36,-0.12
-3.67,9.21,-2.4,0.03,-0.38,-0.0
-3.52,9.24,-2.2,-0.01,-0.41,0.12
-3.23,9.28,-2.17,-0.04,-0.44,0.21
-3.2,9.58,-2.57,-0.05,-0.48,0.25
-3.71,10.6,-4.48,-0.09,-0.58,0.31
-2.63,9.76,-4.61,-0.28,-0.79,0.38
0.45,3.4,-7.83,-0.32,-0.81,0.3
1.28,8.05,-8.33,-0.05,-0.45,0.15
-2.88,9.39,-6.79,0.06,-0.09,0.56
-3.85,7.07,-6.26,0.03,0.01,0.75
-5.32,9.56,-4.4,-0.04,-0.06,0.69
-2.94,7.78,-4.54,-0.17,-0.17,0.7
-2.3,7.25,-4.02,-0.12,-0.08,0.63
-4.98,11.19,-2.1,-0.05,-0.01,0.49
-2.95,10.51,-2.22,-0.14,-0.11,0.49
-2.46,6.34,-2.81,-0.07,-0.08,0.44
-3.1,12.35,-1.46,0.04,-0.11,0.01
-0.9,9.42,-3.0,0.0,-0.15,0.03
-0.76,7.85,-2.72,0.07,-0.12,-0.1
-1.76,10.36,-2.42,0.2,-0.06,-0.31
-2.23,11.05,-2.97,0.18,-0.1,-0.24
-1.33,8.28,-3.17,0.14,-0.1,-0.17
-0.99,8.31,-3.47,0.21,-0.04,-0.24
-2.99,8.35,-3.75,0.31,0.05,-0.35
-3.81,11.16,-2.57,0.29,-0.0,-0.49
-2.92,10.21,-2.75,0.22,-0.07,-0.34
-2.82,6.32,-3.45,0.25,-0.07,-0.3
-2.43,9.21,-2.9,0.41,-0.02,-0.49
-2.74,9.04,-2.56,0.43,0.01,-0.43
-3.31,10.32,-2.01,0.45,0.05,-0.41
-3.8,9.65,-1.34,0.41,0.01,-0.31
-2.81,7.53,-1.86,0.43,-0.03,-0.35
-4.58,9.7,-1.04,0.47,-0.06,-0.5
-3.8,9.93,-1.33,0.43,-0.13,-0.55
-3.65,7.99,-2.1,0.45,-0.1,-0.51
-4.02,8.77,-1.87,0.52,-0.05,-0.59
-4.9,10.06,-0.75,0.5,-0.06,-0.57
-3.73,8.05,-1.55,0.5,-0.09,-0.55
-4.93,9.91,-0.89,0.51,-0.07,-0.57
-4.14,9.55,-0.5,0.43,-0.11,-0.48
-3.76,6.14,-1.13,0.44,-0.09,-0.51
-4.58,11.83,0.04,0.48,-0.08,-0.76
-4.16,10.07,-0.3,0.38,-0.11,-0.51
-3.95,8.66,-0.26,0.35,-0.13,-0.4
-3.62,8.32,-0.32,0.38,-0.13,-0.45
-3.93,8.87,0.0,0.43,-0.09,-0.55
-3.04,10.29,0.41,0.42,-0.07,-0.56
-3.94,9.62,0.24,0.39,-0.03,-0.35
-3.13,9.4,0.44,0.35,-0.06,-0.36
-3.72,9.21,0.29,0.28,-0.08,-0.3
-4.38,9.54,-0.15,0.26,-0.12,-0.39
-3.8,10.64,-0.11,0.2,-0.14,-0.43
-3.19,9.28,-0.16,0.16,-0.11,-0.3
-3.8,8.35,0.2,0.15,-0.1,-0.27
-3.5,9.22,-0.22,0.19,-0.1,-0.43
-2.8,9.71,0.07,0.19,-0.06,-0.42
-3.72,8.91,-0.01,0.22,0.0,-0.34
-3.2,10.07,0.33,0.21,0.0,-0.38
-4.06,10.03,0.32,0.17,0.02,-0.24
-4.16,9.3,0.06,0.13,-0.02,-0.23
-3.53,9.08,-0.19,0.14,-0.03,-0.33
-3.18,10.46,-0.01,0.14,0.0,-0.32
-3.29,9.2,-0.05,0.1,0.02,-0.18
-2.81,8.8,-0.46,0.1,0.02,-0.19
-2.77,9.6,-0.61,0.12,0.05,-0.18
-3.34,9.63,-1.49,0.12,0.08,-0.11
-2.62,9.39,-1.29,-0.02,0.08,-0.13
-2.6,8.99,-1.03,-0.18,0.19,-0.13
-3.35,8.97,-0.83,-0.16,0.3,-0.07
-3.48,8.63,-0.95,-0.07,0.34,0.01
-3.3,8.78,-1.21,0.05,0.36,0.06
-3.34,8.99,-1.25,0.14,0.4,0.09
-3.83,9.49,-1.05,0.17,0.44,0.08
-4.25,10.17,-0.65,0.14,0.46,0.03
-4.35,10.02,-0.52,0.08,0.43,-0.03
-4.6,9.88,-0.16,0.02,0.37,-0.15
-4.89,9.63,0.3,-0.04,0.25,-0.32
-4.44,8.79,0.33,-0.09,0.11,-0.53
-2.7,9.22,-0.8,-0.06,0.08,-0.67
-3.22,9.44,-0.87,0.01,0.22,-0.47
-4.07,9.05,0.03,0.03,0.33,-0.26
-3.6,9.51,0.28,0.0,0.34,-0.21
-3.6,9.99,0.47,-0.05,0.3,-0.19
-3.45,9.79,0.28,-0.08,0.26,-0.1
-3.42,9.89,1.12,-0.09,0.2,-0.02
-3.13,7.99,0.49,-0.1,0.1,-0.02
-1.71,10.6,-0.77,-0.03,0.1,-0.1
-3.38,9.6,-0.45,0.04,0.23,0.25
-3.47,8.19,-0.07,0.07,0.23,0.3
-3.08,9.74,-0.17,0.13,0.23,0.17
-4.68,9.31,0.14,0.12,0.21,0.22
-4.01,10.38,-0.38,0.11,0.11,0.04
-3.16,10.49,-0.22,0.1,0.1,0.0
-3.38,8.87,-0.12,0.14,0.13,0.01
-4.27,8.95,0.91,0.17,0.07,-0.16
-5.2,8.91,1.21,0.2,0.01,-0.19
-3.32,11.13,-0.58,0.21,-0.02,-0.07
-6.79,6.21,0.04,0.25,0.07,0.17
-4.92,8.66,0.01,0.33,-0.04,-0.27
-2.88,11.97,-1.83,0.36,0.01,-0.09
-4.28,7.84,-1.13,0.34,0.18,0.43
-5.21,7.07,0.41,0.32,0.01,0.04
-3.4,11.31,-2.18,0.33,-0.07,-0.22
-2.61,10.4,-3.29,0.26,-0.02,0.25
-4.63,7.2,-0.33,0.13,-0.06,0.32
-1.71,9.13,-2.58,0.07,-0.3,-0.26
-2.74,10.07,-3.6,0.07,-0.13,0.02
-4.93,6.85,-1.9,0.08,-0.01,0.47
-4.79,7.73,-1.34,0.11,-0.04,0.35
-3.41,9.44,-1.98,0.11,0.02,0.48
-2.28,10.13,-2.02,0.02,0.01,0.67
-1.2,11.67,-3.26,-0.03,0.11,0.72
-2.6,9.23,-1.31,-0.12,0.09,0.7
-3.34,7.22,-2.18,-0.17,-0.14,0.01
-3.97,10.34,-3.07,-0.07,-0.21,-0.47
-3.42,10.54,-3.57,-0.06,-0.14,-0.13
-3.64,8.47,-1.73,-0.09,-0.17,0.02
-2.28,7.65,-1.97,-0.15,-0.32,-0.34
-0.88,10.54,-4.47,-0.12,-0.28,-0.42
-6.1,5.87,-2.04,-0.11,-0.13,0.07
-5.62,8.26,-2.8,-0.05,-0.23,-0.02
-6.0,8.63,-2.89,-0.01,-0.24,0.33
-7.25,7.68,-1.25,-0.02,-0.27,0.81
0.44,10.68,-2.59,-0.11,-0.43,0.81
-1.06,8.26,-2.09,-0.19,-0.38,0.91
-1.04,8.85,-3.88,-0.17,-0.38,0.62
0.2,10.7,-6.03,-0.03,-0.26,0.56
-1.83,10.79,-3.79,0.05,-0.08,0.74
-4.22,7.77,-1.36,-0.01,-0.21,0.48
-2.96,8.77,-3.42,-0.04,-0.42,-0.14
-2.57,8.51,-5.42,-0.06,-0.47,-0.22
-6.15,9.26,-4.42,0.01,-0.25,0.33
-4.88,7.59,-2.43,0.0,-0.3,0.72
-1.74,9.19,-2.67,0.01,-0.37,0.66
-1.89,8.68,-2.1,-0.08,-0.42,0.65
0.6,10.41,-4.95,-0.1,-0.46,0.45
-2.75,8.07,-4.13,-0.04,-0.29,0.59
-4.81,6.59,-3.06,0.03,-0.32,0.29
-2.81,10.37,-5.05,0.16,-0.28,0.15
-4.66,9.74,-3.05,0.17,-0.15,0.73
-3.1,8.12,-3.05,0.08,-0.27,0.75
-0.47,9.62,-4.21,0.01,-0.36,0.48
-0.62,9.61,-4.12,-0.07,-0.32,0.41
-1.65,8.71,-4.1,-0.16,-0.35,0.32
-1.28,8.93,-6.87,-0.08,-0.28,0.25
-3.56,8.13,-5.44,0.04,-0.09,0.27
-4.7,8.48,-3.87,0.05,-0.08,-0.01
-5.02,8.52,-3.25,-0.05,-0.17,-0.13
-2.25,8.6,-4.43,-0.14,-0.27,0.04
-1.53,8.78,-4.93,-0.11,-0.17,0.5
-2.09,8.6,-4.3,-0.13,-0.14,0.8
-2.64,7.98,-5.02,-0.15,-0.19,0.69
-3.03,9.81,-5.45,-0.15,-0.21,0.4
-3.59,10.09,-3.45,-0.22,-0.19,0.21
-3.14,9.31,-2.33,-0.26,-0.18,-0.06
-2.55,9.0,-2.66,-0.25,-0.18,-0.22
-3.3,8.86,-2.64,-0.23,-0.2,-0.19
-3.67,9.09,-2.72,-0.22,-0.27,-0.16
-4.44,9.74,-4.48,-0.23,-0.36,-0.09
-4.11,9.93,-4.73,-0.38,-0.59,0.1
-1.17,7.78,-5.22,-0.64,-0.83,0.27
0.75,6.75,-7.09,-0.69,-0.77,0.45
-1.17,8.67,-6.77,-0.66,-0.56,0.73
-1.35,7.42,-7.26,-0.64,-0.39,1.02
-0.41,6.78,-6.83,-0.52,-0.16,1.2
-1.58,7.92,-5.51,-0.43,-0.01,1.37
-4.55,9.45,-3.97,-0.42,0.05,1.43
-6.12,10.16,-2.81,-0.58,-0.15,1.23
-5.07,8.82,-3.82,-0.69,-0.31,0.88
-3.01,9.26,-3.82,-0.69,-0.34,0.57
-2.02,6.46,-5.18,-0.5,-0.15,0.5
-2.8,8.38,-4.26,-0.18,0.1,0.2
-3.28,12.5,-3.18,-0.13,0.12,0.12
-3.23,7.49,-3.53,-0.15,0.1,0.26
-0.77,9.81,-3.07,-0.1,0.04,-0.03
-0.97,8.32,-4.32,-0.02,0.11,0.02
-0.88,10.26,-3.82,0.05,0.14,-0.09
-0.1,8.24,-4.96,0.11,0.24,0.01
-2.01,8.5,-3.91,0.23,0.4,-0.02
-1.81,10.13,-3.5,0.23,0.4,-0.23
-1.61,8.39,-4.21,0.24,0.45,-0.24
-3.47,11.78,-2.23,0.24,0.42,-0.35
-3.02,7.92,-3.16,0.23,0.39,-0.33
-1.81,8.09,-2.66,0.33,0.4,-0.46
-3.56,9.99,-1.95,0.45,0.43,-0.51
-3.53,8.33,-2.31,0.46,0.37,-0.57
-3.64,10.16,-1.75,0.53,0.38,-0.66
-4.39,7.97,-1.87,0.56,0.4,-0.58
-4.13,9.85,-1.44,0.64,0.38,-0.74
-4.8,8.82,-1.61,0.62,0.33,-0.72
-4.34,10.2,-2.17,0.63,0.26,-0.81
-3.89,7.16,-3.1,0.6,0.22,-0.81
-3.19,8.96,-3.25,0.67,0.23,-0.93
-3.9,8.9,-2.73,0.64,0.22,-0.88
-3.8,8.98,-2.64,0.62,0.22,-0.85
-3.66,9.16,-2.12,0.59,0.19,-0.86
-3.61,9.07,-1.68,0.52,0.17,-0.82
-4.09,10.32,-1.07,0.48,0.16,-0.86
-3.68,8.77,-1.2,0.37,0.12,-0.8
-3.98,9.16,-0.92,0.33,0.09,-0.78
-3.74,7.77,-1.46,0.33,0.04,-0.82
-4.23,9.88,-0.82,0.37,-0.0,-0.97
-3.84,9.93,-0.81,0.3,-0.06,-0.82
-4.03,9.86,-0.58,0.25,-0.1,-0.63
-3.34,6.99,-1.27,0.24,-0.12,-0.57
-3.84,9.25,-0.89,0.32,-0.12,-0.76
-3.88,11.06,-0.46,0.26,-0.14,-0.69
-3.61,9.39,-0.82,0.17,-0.17,-0.43
-4.26,7.93,-0.68,0.19,-0.18,-0.45
-3.23,9.5,-0.36,0.18,-0.21,-0.59
-3.52,8.8,-0.54,0.18,-0.2,-0.55
-4.24,11.55,0.12,0.18,-0.2,-0.55
-4.53,9.3,-0.08,0.09,-0.26,-0.33
-3.15,7.81,-0.73,0.1,-0.28,-0.36
-3.43,7.3,-0.91,0.21,-0.24,-0.58
-3.23,12.95,-0.03,0.21,-0.21,-0.62
-3.86,10.27,0.18,0.09,-0.2,-0.17
-3.08,6.03,-0.98,0.09,-0.25,-0.21
-3.01,9.11,-1.0,0.21,-0.22,-0.54
-3.94,11.03,-0.59,0.25,-0.16,-0.54
-3.52,11.47,-0.14,0.18,-0.16,-0.35
-3.69,7.21,-0.65,0.14,-0.18,-0.13
-3.34,8.73,-0.89,0.23,-0.18,-0.43
-3.37,10.25,-0.8,0.27,-0.16,-0.56
-2.99,10.61,-0.46,0.24,-0.11,-0.44
-3.01,7.42,-0.74,0.22,-0.09,-0.26
-3.94,8.9,-1.05,0.33,-0.08,-0.53
-3.78,10.36,-0.96,0.35,-0.07,-0.62
-3.56,8.64,-1.12,0.38,-0.04,-0.56
-3.34,9.73,-1.01,0.42,-0.02,-0.58
-3.44,9.44,-1.29,0.43,-0.01,-0.51
-3.69,9.95,-0.72,0.41,-0.03,-0.45
-3.72,8.21,-1.22,0.38,-0.06,-0.38
-3.23,8.24,-1.55,0.43,-0.08,-0.52
-3.61,9.97,-1.31,0.47,-0.05,-0.54
-3.83,9.48,-1.26,0.44,-0.03,-0.4
-3.23,8.69,-1.23,0.44,-0.04,-0.42
-2.59,10.64,-0.78,0.44,-0.02,-0.36
-2.97,8.32,-1.1,0.43,-0.0,-0.17
-3.27,8.71,-1.18,0.47,0.0,-0.29
-3.43,10.71,-0.82,0.49,0.03,-0.32
-3.65,9.76,-0.6,0.44,0.05,-0.18
-3.5,8.21,-0.73,0.43,0.05,-0.22
-3.23,9.58,-0.84,0.45,0.07,-0.35
-3.05,10.15,-0.41,0.43,0.12,-0.28
-3.16,9.15,-0.15,0.4,0.17,-0.16
-2.9,8.81,0.04,0.4,0.2,-0.16
-2.49,8.35,-0.54,0.42,0.28,-0.15
-2.78,8.43,-0.96,0.49,0.42,-0.13
-3.52,9.05,-1.0,0.56,0.55,-0.15
-4.28,9.98,-0.65,0.59,0.66,-0.18
-4.81,10.75,0.03,0.55,0.7,-0.16
-5.37,11.09,1.06,0.44,0.64,-0.17
-5.96,11.35,2.35,0.25,0.43,-0.18
-5.25,8.88,1.91,0.09,0.18,-0.27
-4.11,9.42,1.52,0.05,0.01,-0.47
-3.61,10.81,0.65,0.04,-0.05,-0.45
-3.2,9.6,0.16,0.05,0.02,-0.19
-3.58,8.91,1.16,0.07,0.05,-0.11
-3.83,9.13,0.92,0.1,-0.0,-0.29
-3.8,10.72,0.37,0.1,0.01,-0.3
-5.42,8.57,1.13,0.07,0.02,-0.2
-5.04,8.48,-0.1,0.1,-0.04,-0.43
-4.81,10.16,-0.31,0.17,-0.01,-0.5
-4.83,9.29,-0.64,0.22,0.06,-0.3
-4.54,9.75,0.26,0.24,-0.03,-0.38
-6.1,8.92,1.18,0.24,-0.1,-0.34
-5.13,8.31,0.05,0.22,-0.32,-0.5
-5.32,9.22,-0.25,0.25,-0.39,-0.55
-3.68,9.52,-2.05,0.28,-0.39,-0.37
-3.92,7.66,-1.8,0.36,-0.32,-0.18
-4.59,8.71,-0.78,0.4,-0.4,-0.39
-4.28,9.33,-9.43,0.45,-0.5,-0.51
-5.4,10.89,-3.0,0.09,-0.79,-0.43
-1.66,7.77,-2.12,-0.8,-0.92,-0.61
-1.66,5.94,-2.14,-0.85,-0.53,-0.38
-2.12,6.35,-2.9,-0.56,-0.17,0.17
-2.6,8.87,-3.99,-0.08,0.05,0.97
-3.69,7.95,-1.72,0.25,0.14,1.73
-3.41,9.22,-1.64,0.36,-0.06,1.65
-2.25,10.61,-3.3,0.31,-0.13,1.39
-4.08,9.52,-1.3,0.2,-0.17,1.22
-3.69,9.31,-2.7,0.11,-0.32,0.73
-3.94,9.99,-3.81,0.11,-0.33,0.63
-5.21,7.11,-2.94,0.14,-0.36,0.74
-5.06,8.05,-2.21,0.19,-0.47,0.53
-2.43,10.38,-2.94,0.15,-0.58,0.5
-0.78,10.94,-4.29,0.1,-0.48,0.71
-1.07,8.98,-3.42,0.01,-0.36,0.59
-0.7,8.6,-3.9,-0.02,-0.31,-0.06
-2.39,10.52,-3.93,0.01,-0.19,-0.51
-4.36,8.76,-3.08,0.01,-0.11,-0.4
-6.23,7.1,-1.4,0.03,-0.19,-0.49
-4.28,9.8,-1.37,0.01,-0.34,-0.62
-3.5,9.52,-2.24,-0.1,-0.34,-0.17
-3.94,7.94,-2.42,-0.15,-0.3,0.27
-3.61,6.46,-2.96,-0.16,-0.36,0.18
-1.54,11.27,-4.62,-0.11,-0.33,0.08
-3.91,7.88,-2.9,-0.1,-0.18,0.53
-3.77,7.89,-2.82,-0.11,-0.3,0.29
-4.27,8.48,-4.44,-0.08,-0.33,0.25
-4.6,8.4,-4.65,-0.05,-0.31,0.51
-3.08,8.11,-3.37,-0.09,-0.37,0.54
-2.28,9.17,-4.19,-0.07,-0.35,0.45
-2.4,9.46,-3.62,-0.16,-0.36,0.34
-3.09,9.46,-4.67,-0.24,-0.36,0.34
-3.88,7.15,-4.62,-0.27,-0.41,0.39
-2.8,8.61,-4.69,-0.26,-0.51,0.23
-1.55,9.2,-5.15,-0.24,-0.47,0.33
-2.43,8.13,-4.37,-0.29,-0.45,0.46
-3.21,9.16,-4.07,-0.31,-0.41,0.47
-2.69,8.25,-5.32,-0.38,-0.45,0.47
-3.02,7.55,-5.92,-0.36,-0.4,0.36
-3.75,9.59,-4.77,-0.31,-0.35,0.3
-4.02,8.51,-2.99,-0.39,-0.45,0.42
-2.01,7.45,-3.8,-0.44,-0.6,0.27
-1.58,10.09,-5.92,-0.39,-0.52,0.22
-3.72,8.67,-5.07,-0.38,-0.36,0.39
-3.53,8.3,-3.99,-0.35,-0.34,0.22
-4.22,9.36,-3.23,-0.33,-0.37,0.07
-3.83,8.96,-2.95,-0.39,-0.48,0.11
-2.76,9.09,-2.66,-0.44,-0.57,0.21
-2.26,7.81,-3.03,-0.51,-0.61,0.3
-2.61,6.77,-4.34,-0.48,-0.56,0.24
-4.06,7.93,-5.32,-0.33,-0.39,0.06
-5.66,9.6,-4.76,-0.15,-0.19,-0.02
-5.52,9.35,-3.29,-0.07,-0.08,-0.04
-2.96,8.88,-2.52,-0.05,-0.11,-0.0
-2.43,8.43,-2.0,-0.11,-0.17,0.1
-2.61,9.02,-2.43,-0.21,-0.27,0.09
-3.64,9.07,-3.12,-0.28,-0.3,0.11
-4.34,8.54,-3.48,-0.29,-0.3,0.11
-4.42,8.26,-3.71,-0.23,-0.26,0.09
-4.3,9.05,-3.25,-0.17,-0.21,0.09
-3.84,9.14,-2.72,-0.19,-0.2,0.14
-3.23,8.94,-2.57,-0.26,-0.23,0.18
-3.21,8.92,-2.51,-0.34,-0.27,0.22
-3.51,9.11,-2.62,-0.42,-0.32,0.24
-3.67,9.24,-2.74,-0.46,-0.36,0.27
-2.24,8.09,-3.67,-0.47,-0.36,0.31
0.61,6.96,-7.3,-0.3,-0.14,0.45
1.33,6.5,-10.86,-0.03,0.22,0.86
-0.12,6.03,-8.75,0.1,0.53,1.32
-6.26,10.09,-4.8,0.09,0.53,1.55
-4.8,9.38,-4.97,-0.2,0.25,1.48
-3.31,8.21,-5.46,-0.42,0.12,1.32
-2.92,8.03,-5.37,-0.5,0.17,1.1
-2.93,8.81,-5.08,-0.47,0.27,0.94
-4.07,8.27,-4.38,-0.39,0.32,0.86
-2.97,10.34,-4.14,-0.31,0.24,0.69
-1.0,6.36,-5.01,-0.26,0.22,0.63
-2.2,10.04,-4.34,-0.05,0.3,0.24
-4.09,12.42,-2.81,-0.09,0.25,0.22
-1.61,7.25,-4.31,-0.14,0.14,0.26
-1.41,7.56,-4.58,-0.01,0.16,-0.03
-2.09,10.5,-4.3,0.1,0.19,-0.19
-1.34,7.97,-5.0,0.13,0.22,-0.2
-1.16,8.25,-4.95,0.2,0.24,-0.23
-3.81,10.6,-4.49,0.23,0.23,-0.19
-3.13,9.87,-4.3,0.21,0.18,-0.26
-2.01,6.54,-5.28,0.19,0.15,-0.29
-2.07,8.49,-4.45,0.31,0.22,-0.43
-3.24,9.18,-3.26,0.42,0.31,-0.51
-2.89,12.58,-1.93,0.39,0.3,-0.44
-3.32,5.62,-2.67,0.36,0.35,-0.13
-4.51,6.94,-2.26,0.51,0.36,-0.72
-5.96,12.56,-1.12,0.52,0.3,-1.1
-5.01,9.5,-1.56,0.39,0.21,-0.9
-4.34,6.64,-2.4,0.41,0.18,-0.95
-4.81,10.5,-2.04,0.47,0.18,-1.19
-4.01,7.92,-2.72,0.44,0.19,-1.09
-4.05,8.35,-2.68,0.42,0.2,-1.03
-3.46,6.81,-2.99,0.42,0.23,-0.98
-4.21,10.07,-2.08,0.43,0.25,-0.94
-4.55,8.83,-1.91,0.36,0.25,-0.65
-4.29,7.94,-1.41,0.31,0.22,-0.43
-4.61,8.15,-1.15,0.37,0.22,-0.43
-4.73,7.69,-0.91,0.4,0.22,-0.44
-4.83,8.72,-0.33,0.41,0.19,-0.46
-6.54,12.51,0.64,0.35,0.14,-0.37
-5.01,8.51,0.04,0.19,0.0,-0.04
-4.84,7.46,-0.45,0.27,-0.03,-0.08
-4.02,8.96,-0.33,0.36,-0.02,-0.27
-4.37,9.01,-0.58,0.36,-0.01,-0.14
-4.67,10.43,-0.31,0.35,-0.05,-0.12
-4.02,9.12,-0.49,0.24,-0.12,0.09
-4.13,7.9,-0.65,0.26,-0.15,0.08
-3.27,8.2,-0.81,0.29,-0.17,-0.15
-3.51,11.74,-0.18,0.27,-0.15,-0.05
-3.41,9.7,-0.31,0.18,-0.14,0.33
-3.97,7.53,0.03,0.2,-0.15,0.32
-3.8,10.34,0.23,0.22,-0.2,0.05
-3.19,11.56,0.33,0.16,-0.23,0.12
-3.33,7.1,-0.21,0.13,-0.22,0.12
-2.06,12.22,0.15,0.2,-0.22,-0.32
-3.32,10.91,0.23,0.1,-0.2,-0.12
-3.52,9.64,0.07,0.06,-0.27,-0.13
-3.48,8.72,-0.02,0.08,-0.35,-0.37
-2.78,10.38,-0.42,0.12,-0.38,-0.61
-2.63,11.32,-0.49,0.1,-0.34,-0.47
-3.31,7.78,-0.79,0.08,-0.31,-0.27
-3.34,8.71,-0.69,0.14,-0.3,-0.48
-3.35,9.0,-0.76,0.18,-0.29,-0.62
-3.64,11.45,-0.48,0.16,-0.27,-0.58
-4.07,9.45,-0.26,0.09,-0.27,-0.27
-3.42,7.65,-0.89,0.12,-0.3,-0.27
-3.51,9.41,-1.19,0.21,-0.27,-0.39
-3.69,9.71,-0.91,0.21,-0.22,-0.34
-3.45,9.58,-0.6,0.18,-0.2,-0.28
-3.33,8.56,-0.56,0.15,-0.21,-0.25
-2.95,9.08,-1.12,0.18,-0.2,-0.29
-3.32,9.27,-1.2,0.22,-0.15,-0.2
-3.35,9.15,-1.23,0.25,-0.12,-0.12
-3.28,9.13,-1.19,0.29,-0.09,-0.08
-3.02,9.3,-1.24,0.32,-0.03,-0.05
-3.12,9.11,-1.33,0.36,0.07,-0.03
-3.21,9.0,-1.3,0.39,0.15,-0.05
-3.14,8.83,-1.46,0.42,0.23,-0.11
-3.29,8.92,-1.7,0.47,0.32,-0.16
-3.55,9.14,-1.7,0.52,0.38,-0.2
-4.41,9.43,-1.32,0.56,0.41,-0.24
-5.13,9.82,-0.67,0.56,0.38,-0.34
-5.24,9.64,-0.33,0.52,0.28,-0.44
-4.93,9.36,-0.39,0.51,0.19,-0.52
-4.88,8.8,-0.34,0.52,0.12,-0.52
-3.89,8.39,-0.95,0.56,0.1,-0.51
-3.65,8.74,-0.79,0.64,0.16,-0.42
-3.83,9.88,0.21,0.67,0.21,-0.27
-4.56,10.31,1.3,0.61,0.15,-0.13
-5.52,10.25,2.04,0.49,-0.02,-0.19
-5.02,11.21,0.48,0.37,-0.22,-0.43
-3.38,9.88,0.02,0.32,-0.27,-0.55
-3.64,9.09,0.39,0.32,-0.25,-0.62
-2.59,8.79,-1.1,0.35,-0.2,-0.66
-4.04,9.79,-0.23,0.41,-0.08,-0.63
-3.17,8.54,-0.76,0.46,0.04,-0.53
-3.87,7.92,-0.12,0.57,0.15,-0.46
-3.65,10.32,-0.69,0.6,0.06,-0.74
-3.29,11.23,-1.37,0.6,0.08,-0.64
-4.87,7.96,-0.82,0.61,0.13,-0.41
-5.35,9.41,0.35,0.61,0.02,-0.65
-3.41,9.87,-1.21,0.54,-0.09,-0.71
-3.06,8.25,-2.28,0.55,-0.02,-0.49
-4.06,8.76,-2.01,0.59,-0.0,-0.55
-5.45,8.61,-1.48,0.61,-0.05,-0.74
-4.42,8.99,-2.31,0.57,-0.15,-0.89
-6.14,7.87,-1.76,0.58,-0.11,-0.76
-4.76,10.46,-3.14,0.53,-0.17,-0.75
-5.28,8.17,-1.12,0.43,-0.18,-0.5
-5.06,7.96,-1.69,0.32,-0.33,-0.55
-3.1,7.97,-3.1,0.27,-0.4,-0.6
-4.08,7.88,-3.93,0.29,-0.25,-0.34
-3.3,8.86,-3.67,0.3,-0.2,-0.24
-3.06,9.3,-2.5,0.25,-0.18,-0.17
-1.96,9.33,-3.91,0.2,-0.21,-0.17
-3.0,8.38,-3.03,0.16,-0.23,-0.13
-5.06,8.33,-9.27,0.19,-0.35,-0.23
-2.12,9.71,-3.13,-0.47,-0.72,-0.4
-0.97,8.95,-3.46,-1.01,-0.45,0.02
-3.81,4.6,-2.55,-0.93,-0.18,0.68
-3.24,6.41,-3.4,-0.61,-0.21,0.8
-2.64,9.64,-4.65,-0.27,-0.2,1.25
-4.67,9.17,-3.97,-0.05,-0.09,1.9
-3.47,9.09,-2.1,-0.09,-0.19,1.8
-2.21,9.58,-1.69,-0.23,-0.29,1.35
-2.38,10.16,-2.69,-0.33,-0.26,1.05
-3.29,8.7,-2.12,-0.41,-0.24,0.8
-2.94,11.15,-3.63,-0.39,-0.17,0.47
-6.19,8.75,-1.46,-0.43,-0.11,0.44
-5.26,8.63,0.01,-0.5,-0.31,0.05
-1.72,11.65,-2.4,-0.55,-0.42,-0.05
-3.48,8.48,-2.25,-0.55,-0.35,0.31
-1.19,9.18,-3.84,-0.55,-0.37,0.12
-3.75,6.77,-3.3,-0.53,-0.29,-0.02
-4.0,7.88,-3.46,-0.49,-0.26,-0.28
-4.46,8.48,-5.58,-0.44,-0.17,-0.11
-6.13,8.51,-4.45,-0.39,-0.01,0.44
-5.54,5.86,-3.04,-0.46,-0.15,0.67
-2.83,7.9,-4.51,-0.46,-0.26,0.52
-1.7,8.88,-6.05,-0.47,-0.27,0.61
-1.71,9.43,-5.95,-0.45,-0.14,0.81
-2.92,7.78,-4.6,-0.47,-0.11,0.84
-2.35,8.85,-4.93,-0.45,-0.12,0.59
-4.35,7.57,-4.63,-0.43,-0.1,0.47
-5.39,7.98,-3.6,-0.42,-0.17,0.34
-4.58,8.93,-4.15,-0.4,-0.25,0.43
-4.1,8.54,-3.65,-0.45,-0.3,0.7
-2.78,8.57,-3.57,-0.5,-0.41,0.72
-1.56,8.32,-4.95,-0.49,-0.44,0.66
-1.67,9.27,-5.35,-0.44,-0.37,0.59
-2.6,8.04,-5.99,-0.38,-0.29,0.46
-3.31,9.0,-5.2,-0.31,-0.23,0.16
-4.63,8.14,-4.24,-0.3,-0.23,-0.01
-4.44,8.72,-3.7,-0.3,-0.28,-0.05
-4.37,7.84,-3.04,-0.37,-0.33,0.12
-3.95,6.79,-3.21,-0.41,-0.39,0.22
-3.11,8.42,-4.62,-0.37,-0.34,0.38
-3.7,9.03,-4.8,-0.32,-0.2,0.63
-3.74,9.27,-3.44,-0.29,-0.13,0.64
-2.57,9.32,-2.86,-0.29,-0.14,0.47
-2.9,8.9,-2.83,-0.31,-0.17,0.28
-3.13,8.84,-3.3,-0.31,-0.22,0.1
-3.58,8.62,-3.69,-0.27,-0.2,0.0
-4.25,9.04,-3.43,-0.21,-0.14,-0.05
-4.22,9.07,-2.79,-0.19,-0.12,-0.03
-3.68,8.36,-2.53,-0.22,-0.14,0.06
-3.46,7.73,-2.86,-0.24,-0.16,0.15
-4.11,8.35,-3.24,-0.22,-0.15,0.2
-4.52,9.19,-3.24,-0.22,-0.13,0.24
-3.91,9.22,-3.02,-0.23,-0.12,0.27
-3.36,9.02,-2.77,-0.27,-0.14,0.29
-3.32,9.24,-3.19,-0.33,-0.2,0.28
-4.44,10.38,-5.64,-0.44,-0.34,0.31
-2.19,8.16,-6.5,-0.73,-0.62,0.37
3.58,5.34,-8.92,-0.77,-0.56,0.55
1.33,6.18,-7.93,-0.51,-0.1,1.07
-4.18,9.08,-5.22,-0.41,0.13,1.49
-4.25,7.85,-5.28,-0.47,0.12,1.61
-4.75,7.75,-4.19,-0.51,0.14,1.48
-4.8,9.57,-2.97,-0.55,0.13,1.27
-5.14,9.28,-2.8,-0.63,0.07,1.18
-2.52,7.79,-4.22,-0.64,0.01,1.04
-1.49,7.99,-4.47,-0.49,0.13,0.97
-4.63,10.94,-3.01,-0.37,0.19,0.92
-4.28,9.04,-3.69,-0.39,0.06,0.82
-1.4,8.22,-5.07,-0.31,0.01,0.49
-2.29,9.03,-5.35,-0.17,0.09,0.23
-0.9,8.32,-5.53,-0.12,0.11,0.06
-1.17,9.5,-5.5,-0.04,0.17,0.0
-0.89,8.82,-5.67,-0.03,0.2,-0.06
-1.71,10.34,-5.45,-0.04,0.21,-0.09
-0.7,5.86,-5.69,-0.0,0.25,-0.11
-2.43,10.38,-4.38,0.1,0.29,-0.37
-2.3,10.91,-4.47,0.06,0.29,-0.25
-2.23,5.51,-4.32,0.09,0.34,-0.13
-4.28,12.0,-2.4,0.21,0.32,-0.41
-2.95,7.4,-2.76,0.18,0.29,-0.34
-4.25,8.73,-2.8,0.33,0.3,-0.64
-4.01,8.98,-2.7,0.4,0.28,-0.83
-4.64,9.48,-2.17,0.47,0.3,-0.95
-3.92,9.96,-1.97,0.43,0.26,-1.02
-4.09,8.02,-2.12,0.4,0.29,-1.06
-4.66,10.1,-1.47,0.33,0.28,-1.19
-4.35,8.81,-1.42,0.28,0.24,-1.24
-3.84,7.66,-2.11,0.27,0.19,-1.34
-3.84,8.32,-2.03,0.32,0.18,-1.39
-4.03,10.25,-1.63,0.31,0.16,-1.28
-4.38,10.03,-1.53,0.24,0.13,-1.0
-3.78,6.63,-2.12,0.18,0.12,-0.78
-4.69,8.33,-1.61,0.22,0.12,-0.87
-4.67,9.19,-1.36,0.17,0.1,-0.8
-4.9,7.67,-1.56,0.17,0.08,-0.73
-4.92,8.62,-1.28,0.17,0.03,-0.75
-5.98,11.48,-0.67,0.15,-0.01,-0.6
-4.13,6.45,-1.26,0.11,-0.07,-0.37
-5.15,9.04,-0.5,0.22,-0.06,-0.42
-4.42,8.9,-0.39,0.24,-0.07,-0.38
-4.8,8.91,-0.06,0.25,-0.07,-0.27
-4.78,8.49,-0.1,0.28,-0.08,-0.29
-4.7,10.21,0.51,0.25,-0.13,-0.27
-4.63,7.99,-0.12,0.26,-0.16,-0.2
-3.47,9.07,-0.05,0.28,-0.18,-0.25
-3.91,9.25,-0.29,0.32,-0.14,-0.13
-4.14,11.22,0.28,0.3,-0.16,-0.04
-4.34,10.35,0.07,0.21,-0.2,0.19
-3.9,5.77,-0.73,0.21,-0.24,0.16
-3.84,10.64,-0.24,0.29,-0.24,-0.16
-4.58,11.48,0.44,0.23,-0.26,-0.07
-3.72,5.91,-0.53,0.17,-0.32,-0.0
-3.77,11.55,-0.32,0.3,-0.32,-0.36
-3.54,10.93,-0.44,0.25,-0.28,-0.11
-4.19,7.21,-0.13,0.23,-0.29,0.05
-3.53,10.5,-0.1,0.28,-0.37,-0.26
-3.39,9.86,-0.52,0.24,-0.37,-0.17
-3.41,8.72,-0.46,0.23,-0.36,-0.1
-2.98,8.79,-0.62,0.25,-0.36,-0.21
-2.64,10.51,-0.6,0.28,-0.31,-0.26
-3.41,10.63,-0.42,0.23,-0.27,-0.05
-3.66,8.2,-0.75,0.21,-0.28,-0.0
-3.31,9.49,-1.0,0.25,-0.28,-0.24
-3.03,10.66,-0.69,0.25,-0.25,-0.25
-3.15,8.79,-1.0,0.23,-0.2,-0.17
-3.2,9.32,-0.61,0.24,-0.17,-0.28
-2.69,9.74,-0.85,0.25,-0.15,-0.31
-3.11,9.15,-0.87,0.26,-0.1,-0.26
-3.1,9.26,-1.07,0.28,-0.07,-0.29
-3.17,9.21,-1.27,0.31,-0.03,-0.3
-3.31,8.91,-1.52,0.34,0.03,-0.3
-3.52,8.86,-1.7,0.39,0.11,-0.35
-3.64,8.88,-1.87,0.43,0.19,-0.41
-3.71,8.87,-1.95,0.48,0.28,-0.46
-3.77,8.75,-1.9,0.53,0.36,-0.48
-4.1,9.01,-1.39,0.59,0.42,-0.49
-5.06,9.42,-0.63,0.6,0.42,-0.5
-5.52,9.42,-0.24,0.57,0.33,-0.55
-5.66,9.71,-0.03,0.53,0.22,-0.6
-6.27,9.68,0.51,0.47,0.09,-0.62
-5.36,8.48,-0.05,0.43,-0.02,-0.69
-6.76,8.78,0.96,0.46,-0.06,-0.75
-6.42,10.06,1.17,0.41,-0.2,-0.86
-3.99,9.14,0.86,0.37,-0.25,-0.71
-5.34,8.56,2.12,0.39,-0.21,-0.38
-4.18,8.56,1.1,0.37,-0.29,-0.29
-2.8,7.84,-0.25,0.45,-0.19,-0.06
-4.69,9.21,1.62,0.52,-0.09,0.18
-3.82,10.88,0.42,0.52,-0.09,0.38
-3.96,8.6,-0.78,0.53,0.01,0.79
-5.68,8.19,0.52,0.6,0.06,0.78
-4.2,10.21,0.39,0.63,0.03,0.49
-5.13,9.47,0.11,0.61,0.07,0.49
-4.48,10.44,0.67,0.6,0.07,0.23
-4.18,11.49,0.59,0.52,0.09,0.08
-5.26,10.1,1.22,0.35,-0.05,-0.22
-3.31,10.09,-0.41,0.25,-0.19,-0.8
-1.91,9.9,-1.15,0.27,-0.1,-0.88
-2.73,9.14,-1.31,0.34,0.05,-0.73
-4.37,7.81,-6.13,0.49,0.18,-0.64
-5.13,11.54,-1.68,0.33,-0.13,-0.75
-1.75,8.22,-1.14,-0.63,-0.43,-0.89
-3.57,6.95,-0.66,-0.79,-0.19,-0.66
-2.14,7.41,-3.96,-0.64,-0.06,-0.11
-3.37,6.73,-4.33,-0.22,0.09,0.79
-3.93,9.12,-3.46,0.1,0.06,1.31
-2.87,8.73,-4.23,0.17,-0.09,1.34
-2.61,8.92,-4.29,0.12,-0.11,1.06
-2.85,8.88,-4.4,0.03,-0.05,0.76
-3.65,8.09,-3.96,-0.03,0.02,0.6
-4.13,9.01,-3.91,-0.05,0.03,0.55
-3.97,9.46,-2.24,-0.12,-0.03,0.78
-2.11,9.58,-2.75,-0.2,-0.14,0.97
-2.39,8.54,-3.49,-0.29,-0.22,1.04
-3.7,6.47,-2.49,-0.29,-0.27,0.87
-1.18,9.98,-6.94,-0.2,-0.21,0.69
-4.57,8.25,-5.51,-0.14,0.11,1.13
-4.17,8.64,-4.91,-0.22,0.13,0.79
-2.27,9.64,-5.42,-0.27,0.07,0.22
-1.04,11.3,-4.53,-0.38,0.03,-0.07
-2.42,9.45,-3.33,-0.49,-0.04,-0.1
-3.68,7.72,-2.65,-0.62,-0.23,-0.35
-3.93,7.93,-3.68,-0.68,-0.38,-0.51
-3.1,8.2,-4.63,-0.67,-0.4,-0.3
-2.88,8.6,-5.07,-0.65,-0.32,0.13
-4.42,5.85,-5.1,-0.54,-0.12,0.58
-4.28,5.57,-5.11,-0.4,-0.07,0.63
-2.26,9.01,-6.85,-0.28,-0.03,0.57
-3.57,9.58,-5.95,-0.27,0.1,0.8
-3.64,8.33,-3.78,-0.37,0.04,0.74
-3.53,9.0,-2.95,-0.49,-0.14,0.4
-2.63,9.33,-3.3,-0.61,-0.3,0.31
-3.1,8.88,-5.12,-0.65,-0.29,0.52
-3.77,7.2,-4.62,-0.59,-0.22,0.73
-3.67,7.64,-4.43,-0.48,-0.18,0.67
-3.42,8.61,-4.56,-0.4,-0.18,0.59
-3.39,9.93,-3.61,-0.41,-0.21,0.49
-3.54,9.16,-2.62,-0.51,-0.31,0.43
-2.22,8.12,-3.89,-0.63,-0.45,0.25
-3.19,7.38,-5.21,-0.57,-0.32,0.37
-4.4,7.27,-5.26,-0.4,-0.15,0.47
-4.81,9.45,-4.38,-0.25,-0.05,0.47
-4.05,9.64,-2.84,-0.23,-0.1,0.56
-2.4,7.92,-2.68,-0.28,-0.21,0.49
-1.71,8.79,-3.57,-0.28,-0.23,0.27
-3.29,9.69,-3.58,-0.28,-0.17,0.15
-4.17,9.23,-3.14,-0.3,-0.14,0.06
-3.9,8.67,-3.01,-0.28,-0.15,-0.0
-3.26,8.0,-3.13,-0.24,-0.15,0.02
-4.02,7.7,-3.42,-0.19,-0.11,0.01
-4.86,8.62,-3.32,-0.15,-0.05,0.0
-4.15,8.94,-3.14,-0.12,-0.01,0.15
-3.44,8.62,-2.57,-0.12,0.01,0.3
-2.98,8.73,-2.5,-0.15,-0.0,0.33
-3.2,9.19,-2.68,-0.18,-0.01,0.29
-3.56,9.48,-2.73,-0.22,-0.01,0.22
-3.46,9.35,-2.64,-0.24,-0.02,0.14
-3.36,9.08,-2.46,-0.25,-0.02,0.09
-3.35,8.92,-2.35,-0.25,-0.05,0.07
-3.44,8.88,-2.35,-0.25,-0.08,0.07
-3.63,8.96,-2.39,-0.23,-0.11,0.1
-3.57,9.1,-2.45,-0.22,-0.13,0.12
-3.51,9.15,-2.55,-0.21,-0.16,0.13
-3.57,9.28,-2.87,-0.22,-0.2,0.13
-3.72,9.44,-3.49,-0.25,-0.3,0.13
-3.35,8.74,-3.28,-0.3,-0.47,0.16
-0.14,6.42,-4.39,-0.18,-0.51,0.16
-0.71,7.56,-4.01,0.36,-0.28,0.36
-4.26,9.56,-2.53,0.76,-0.15,0.51
-5.26,10.41,-1.32,0.82,-0.25,0.35
-3.83,9.75,-1.25,0.7,-0.36,0.04
-3.5,9.57,-1.01,0.56,-0.35,-0.21
-3.71,9.38,-1.12,0.44,-0.3,-0.35
-3.7,9.11,-1.45,0.32,-0.27,-0.4
-2.6,9.04,-2.06,0.22,-0.2,-0.35
-3.59,8.84,-2.2,0.11,-0.09,-0.3
-3.99,8.98,-2.31,0.02,-0.05,-0.26
-3.77,8.42,-2.45,-0.03,-0.01,-0.15
-3.61,8.28,-2.59,-0.02,0.04,-0.01
-3.54,8.38,-2.72,0.02,0.09,0.14
-3.3,8.72,-2.77,0.06,0.13,0.24
-3.26,8.88,-2.64,0.08,0.15,0.3
-3.2,9.19,-2.49,0.08,0.15,0.28
-3.38,9.42,-2.23,0.08,0.13,0.21
-3.49,9.37,-1.99,0.07,0.09,0.12
-3.52,9.35,-1.8,0.07,0.04,0.02
-3.62,9.27,-1.75,0.08,-0.01,-0.04
-3.64,9.27,-1.8,0.09,-0.06,-0.08
-3.67,9.15,-1.76,0.09,-0.11,-0.09
-3.38,9.03,-1.89,0.1,-0.16,-0.09
-3.37,9.04,-2.06,0.09,-0.17,-0.08
-3.46,9.05,-2.23,0.09,-0.18,-0.07
-3.47,9.08,-2.34,0.07,-0.18,-0.07
-3.39,8.99,-2.46,0.05,-0.17,-0.07
-3.36,8.92,-2.47,0.04,-0.15,-0.06
-3.34,8.85,-2.55,0.02,-0.13,-0.06
-3.3,8.78,-2.72,0.01,-0.1,-0.04
-3.24,8.61,-2.99,0.02,-0.05,-0.03
-3.2,8.66,-3.45,0.05,0.0,-0.02
-3.81,8.82,-3.5,0.08,0.06,0.01
-3.0,8.76,-3.44,0.1,0.08,0.01
-2.69,8.22,-3.5,0.14,0.13,0.05
-3.54,9.11,-2.94,0.18,0.17,0.05
-3.35,9.06,-2.48,0.18,0.16,0.06
-3.46,8.48,-2.32,0.19,0.14,0.05
-3.59,9.55,-2.02,0.21,0.13,-0.02
-3.99,9.6,-1.79,0.19,0.11,-0.03
-3.54,9.21,-1.99,0.17,0.07,-0.09
-2.72,9.12,-2.25,0.18,0.06,-0.16
-3.11,9.21,-2.13,0.19,0.08,-0.17
-2.9,9.08,-2.19,0.18,0.06,-0.2
-2.95,9.03,-2.29,0.18,0.05,-0.22
-3.63,9.53,-2.0,0.17,0.04,-0.26
-3.81,9.33,-1.79,0.14,-0.01,-0.29
-3.4,9.12,-1.75,0.14,-0.05,-0.32
-3.8,9.11,-1.5,0.14,-0.07,-0.32
-3.55,9.03,-1.69,0.14,-0.1,-0.29
-3.84,8.9,-1.83,0.14,-0.12,-0.29
-3.62,9.22,-1.94,0.12,-0.14,-0.27
-3.62,8.79,-2.15,0.11,-0.15,-0.23
-3.52,8.95,-2.24,0.1,-0.14,-0.22
-3.63,8.78,-2.37,0.09,-0.13,-0.18
-3.68,8.88,-2.41,0.09,-0.11,-0.15
-3.64,8.79,-2.43,0.08,-0.1,-0.1
-3.57,8.82,-2.42,0.07,-0.08,-0.06
-3.61,8.8,-2.36,0.06,-0.06,-0.02
-3.5,8.89,-2.35,0.05,-0.05,0.01
-3.58,8.98,-2.32,0.05,-0.04,0.04
-3.5,9.0,-2.32,0.03,-0.03,0.05
-3.46,9.05,-2.3,0.02,-0.02,0.04
-3.48,9.07,-2.26,0.01,-0.01,0.03
-3.45,8.99,-2.24,0.0,-0.02,0.01
-3.52,8.99,-2.29,0.0,-0.02,0.0
-3.51,8.98,-2.36,0.01,-0.03,0.0
-3.47,8.97,-2.38,0.02,-0.04,0.0
-3.47,8.97,-2.38,0.02,-0.04,0.0
-3.45,8.97,-2.39,0.03,-0.05,0.0
-3.46,8.98,-2.41,0.03,-0.05,-0.0
-3.47,8.96,-2.4,0.03,-0.05,-0.0
-3.47,8.96,-2.35,0.03,-0.04,-0.01
-3.45,8.96,-2.38,0.02,-0.04,-0.01
-3.46,8.96,-2.39,0.02,-0.04,-0.01
-3.48,8.93,-2.41,0.02,-0.03,-0.0
-3.49,8.93,-2.39,0.01,-0.03,0.0
-3.48,8.95,-2.42,0.0,-0.02,0.01
-3.46,8.95,-2.39,0.0,-0.01,0.02
-3.47,8.97,-2.43,-0.0,-0.01,0.02
-3.46,8.95,-2.39,-0.0,-0.01,0.02
-3.48,8.96,-2.39,-0.0,0.0,0.02
-3.45,8.98,-2.42,-0.0,-0.0,0.02
-3.46,8.93,-2.4,0.0,-0.0,0.02
-3.47,8.92,-2.39,0.01,-0.0,0.02
-3.46,8.96,-2.4,0.01,-0.0,0.02
-3.49,8.97,-2.41,0.01,-0.0,0.01
-3.49,8.97,-2.39,0.02,-0.01,0.01
-3.48,8.98,-2.42,0.03,-0.01,0.0
-3.46,8.99,-2.41,0.03,-0.01,0.0
-3.44,8.99,-2.46,0.03,-0.01,-0.0
-3.46,8.96,-2.44,0.04,-0.02,-0.0
-3.46,8.96,-2.42,0.04,-0.02,-0.01
-3.47,8.95,-2.41,0.04,-0.02,-0.01
-3.48,8.96,-2.44,0.04,-0.02,-0.01
-3.44,8.97,-2.41,0.04,-0.02,-0.01
-3.46,8.95,-2.45,0.04,-0.02,-0.0
-3.46,8.96,-2.44,0.04,-0.02,-0.0
-3.46,8.96,-2.42,0.03,-0.02,-0.0
-3.46,8.95,-2.43,0.03,-0.02,-0.0
-3.48,8.95,-2.45,0.03,-0.02,-0.0
-3.45,8.97,-2.44,0.02,-0.02,0.0
-3.46,8.95,-2.44,0.02,-0.03,0.0
-3.48,8.97,-2.43,0.02,-0.03,0.0
-3.49,8.95,-2.41,0.02,-0.03,0.0
-3.46,8.96,-2.42,0.02,-0.03,0.0
-3.45,8.96,-2.44,0.02,-0.03,0.0
-3.44,8.98,-2.45,0.02,-0.03,0.0
-3.47,8.96,-2.44,0.02,-0.04,0.0
-3.46,8.94,-2.47,0.01,-0.04,0.0
-3.47,8.94,-2.46,0.01,-0.04,0.0
-3.45,8.98,-2.47,0.01,-0.04,0.0
-3.47,8.94,-2.44,0.01,-0.04,0.0
-3.46,8.95,-2.43,0.01,-0.04,0.0
-3.46,8.95,-2.43,0.01,-0.04,0.0
-3.46,8.96,-2.43,0.01,-0.05,0.0
-3.45,8.95,-2.43,0.01,-0.05,0.0
-3.47,8.95,-2.42,0.0,-0.05,0.0
-3.46,8.96,-2.46,0.0,-0.05,0.0
-3.47,8.97,-2.43,0.0,-0.05,0.0
-3.46,8.96,-2.47,0.0,-0.05,0.0
-3.45,8.95,-2.43,0.0,-0.06,-0.0
-3.45,8.94,-2.44,0.0,-0.06,-0.0
-3.47,8.96,-2.42,0.01,-0.06,-0.0
-3.46,8.97,-2.45,0.01,-0.07,-0.0
-3.49,8.94,-2.46,0.01,-0.07,-0.01
-3.43,8.96,-2.44,0.01,-0.08,-0.01
-3.48,8.96,-2.42,0.01,-0.08,-0.01
-3.44,8.98,-2.44,0.01,-0.08,-0.01
-3.46,8.95,-2.43,0.01,-0.08,-0.01
-3.44,8.94,-2.42,0.01,-0.08,-0.01
-3.45,8.93,-2.42,0.01,-0.08,-0.01
-3.45,8.96,-2.44,0.01,-0.09,-0.01
-3.45,8.95,-2.42,0.01,-0.09,-0.01
-3.46,9.0,-2.43,0.01,-0.09,-0.01
-3.45,8.97,-2.46,0.01,-0.09,-0.01
-3.46,8.99,-2.43,0.01,-0.09,-0.01
-3.45,8.97,-2.42,0.01,-0.09,-0.01
-3.46,8.93,-2.43,0.01,-0.1,-0.01
-3.46,8.98,-2.42,0.01,-0.09,-0.01
-3.45,8.96,-2.42,0.01,-0.1,-0.01
-3.48,8.96,-2.45,0.01,-0.1,-0.01
-3.47,8.97,-2.43,0.0,-0.1,-0.01
-3.46,8.97,-2.38,0.01,-0.1,-0.01
-3.46,8.94,-2.43,0.01,-0.1,-0.01
-3.44,8.95,-2.41,0.0,-0.1,-0.01
-3.46,8.95,-2.42,0.0,-0.1,-0.01
-3.46,8.95,-2.41,0.0,-0.09,-0.01
-3.45,8.95,-2.45,0.0,-0.09,-0.01
-3.47,8.95,-2.44,0.0,-0.09,-0.01
-3.46,8.96,-2.4,0.0,-0.09,-0.01
-3.49,8.98,-2.41,0.0,-0.09,-0.01
-3.44,8.95,-2.41,0.0,-0.09,-0.01
-3.46,8.93,-2.41,0.0,-0.09,-0.01
-3.43,8.96,-2.42,0.0,-0.09,-0.01
-3.42,8.97,-2.38,0.0,-0.08,-0.01
-3.48,8.94,-2.4,0.0,-0.08,-0.01
-3.47,8.95,-2.42,0.0,-0.09,-0.01
-3.46,8.95,-2.41,0.01,-0.08,-0.01
-3.46,8.98,-2.4,0.01,-0.08,-0.01
-3.46,8.94,-2.38,0.01,-0.08,-0.01
-3.45,8.94,-2.4,0.01,-0.08,-0.01
-3.46,8.95,-2.43,0.01,-0.08,-0.01
-3.46,8.96,-2.42,0.01,-0.08,-0.01
-3.46,8.94,-2.42,0.01,-0.07,-0.01
-3.45,8.96,-2.4,0.01,-0.08,-0.01
-3.47,8.96,-2.39,0.01,-0.07,-0.01
-3.49,8.97,-2.38,0.01,-0.07,-0.01
-3.47,8.96,-2.42,0.01,-0.07,-0.01
-3.47,8.95,-2.43,0.01,-0.07,-0.0
-3.48,8.97,-2.42,0.01,-0.07,-0.01
-3.46,8.96,-2.38,0.01,-0.07,-0.01
-3.48,8.96,-2.4,0.01,-0.06,-0.0
-3.47,8.96,-2.42,0.01,-0.06,-0.01
-3.46,8.96,-2.4,0.01,-0.06,-0.01
-3.49,8.95,-2.38,0.02,-0.06,-0.01
-3.46,8.97,-2.43,0.02,-0.06,-0.0
-3.47,8.98,-2.39,0.02,-0.06,-0.0
-3.45,8.98,-2.44,0.02,-0.05,-0.0
-3.47,8.97,-2.4,0.02,-0.05,-0.01
-3.47,8.97,-2.4,0.02,-0.05,-0.01
-3.45,8.95,-2.41,0.02,-0.05,-0.01
-3.46,8.98,-2.42,0.02,-0.05,-0.0
-3.47,8.97,-2.37,0.02,-0.05,-0.0
-3.45,8.97,-2.42,0.02,-0.05,-0.0
-3.47,8.96,-2.41,0.02,-0.05,-0.0
-3.45,8.95,-2.4,0.02,-0.05,-0.01
-3.42,8.93,-2.43,0.02,-0.05,-0.0
-3.47,8.97,-2.4,0.02,-0.04,-0.0
-3.49,8.96,-2.39,0.02,-0.04,-0.0
-3.49,8.97,-2.41,0.02,-0.04,-0.0
-3.46,8.95,-2.42,0.02,-0.04,-0.0
-3.47,8.97,-2.42,0.02,-0.04,-0.0
-3.49,8.97,-2.39,0.02,-0.04,-0.0
-3.45,8.94,-2.43,0.02,-0.04,-0.0
-3.45,8.97,-2.45,0.02,-0.04,-0.0
-3.46,8.96,-2.44,0.01,-0.04,-0.0
-3.45,8.96,-2.4,0.02,-0.04,-0.0
-3.46,8.97,-2.42,0.02,-0.04,-0.0
-3.42,8.99,-2.42,0.02,-0.04,-0.0
-3.46,8.98,-2.42,0.02,-0.04,0.0
-3.45,8.94,-2.43,0.02,-0.04,-0.0
-3.46,8.98,-2.44,0.01,-0.04,-0.0
-3.44,8.93,-2.43,0.02,-0.04,-0.0
-3.46,8.95,-2.42,0.02,-0.04,-0.0
-3.46,8.96,-2.39,0.02,-0.04,-0.0
-3.46,8.98,-2.42,0.02,-0.04,-0.0
-3.45,8.99,-2.46,0.02,-0.05,-0.0
-3.45,8.95,-2.4,0.02,-0.05,-0.0
-3.47,8.93,-2.45,0.02,-0.05,-0.0
-3.47,8.95,-2.43,0.02,-0.05,-0.0
-3.46,8.95,-2.46,0.02,-0.05,-0.0
-3.47,8.98,-2.42,0.02,-0.05,-0.0
-3.46,8.96,-2.43,0.02,-0.05,-0.0
-3.44,8.96,-2.42,0.02,-0.05,-0.01
-3.47,8.96,-2.44,0.01,-0.05,-0.01
-3.45,8.97,-2.42,0.01,-0.05,-0.0
-3.47,8.96,-2.4,0.01,-0.06,-0.0
-3.45,8.95,-2.43,0.01,-0.06,-0.0
-3.45,8.96,-2.45,0.01,-0.06,-0.0
-3.46,8.94,-2.4,0.01,-0.06,-0.0
-3.48,8.96,-2.38,0.01,-0.06,-0.01
-3.47,8.98,-2.43,0.01,-0.06,-0.0
-3.46,8.96,-2.45,0.01,-0.06,-0.01
-3.44,8.96,-2.43,0.01,-0.06,-0.0
-3.41,8.96,-2.43,0.01,-0.06,-0.01
-3.46,8.93,-2.4,0.01,-0.06,-0.01
-3.47,8.98,-2.43,0.01,-0.06,-0.01
-3.45,8.96,-2.42,0.01,-0.06,-0.01
-3.44,8.98,-2.42,0.01,-0.07,-0.0
-3.46,8.95,-2.43,0.01,-0.07,-0.01
-3.45,8.95,-2.41,0.01,-0.07,-0.01
-3.46,8.98,-2.42,0.01,-0.07,-0.01
-3.46,8.96,-2.42,0.01,-0.07,-0.01
-3.43,8.96,-2.4,0.01,-0.07,-0.01
-3.47,8.96,-2.42,0.01,-0.07,-0.01
-3.45,8.96,-2.43,0.01,-0.07,-0.01
-3.46,8.98,-2.4,0.01,-0.07,-0.01
-3.46,8.93,-2.41,0.01,-0.07,-0.01
-3.48,8.94,-2.42,0.01,-0.07,-0.01
-3.46,8.97,-2.4,0.01,-0.07,-0.01
-3.44,8.95,-2.4,0.01,-0.08,-0.01
-3.46,8.95,-2.42,0.01,-0.07,-0.01
-3.46,8.99,-2.43,0.01,-0.07,-0.01
-3.48,8.94,-2.44,0.01,-0.07,-0.01
-3.47,8.98,-2.41,0.01,-0.08,-0.01
-3.47,8.96,-2.42,0.01,-0.08,-0.01
-3.48,8.94,-2.4,0.01,-0.07,-0.01
-3.49,8.94,-2.42,0.01,-0.07,-0.01
-3.46,8.96,-2.41,0.01,-0.07,-0.01
-3.44,8.98,-2.4,0.01,-0.08,-0.01
-3.46,8.99,-2.47,0.01,-0.07,-0.01
-3.47,8.97,-2.41,0.01,-0.07,-0.01
-3.45,8.94,-2.41,0.01,-0.07,-0.01
-3.47,8.96,-2.4,0.01,-0.07,-0.01
-3.45,9.0,-2.39,0.01,-0.07,-0.0
-3.45,8.96,-2.44,0.01,-0.07,-0.01
-3.47,8.94,-2.39,0.01,-0.07,-0.01
-3.44,8.95,-2.39,0.01,-0.07,-0.01
-3.48,8.97,-2.37,0.01,-0.07,-0.01
-3.47,8.96,-2.42,0.01,-0.07,-0.01
-3.46,8.96,-2.43,0.01,-0.07,-0.01
-3.46,8.97,-2.41,0.01,-0.07,-0.01
-3.44,8.95,-2.44,0.01,-0.07,-0.01
-3.46,8.97,-2.42,0.01,-0.07,-0.01
-3.46,8.97,-2.41,0.01,-0.07,-0.01
-3.44,8.96,-2.39,0.01,-0.06,-0.01
-3.45,8.97,-2.4,0.01,-0.07,-0.01
-3.5,9.0,-2.43,0.01,-0.07,-0.01
-3.47,8.95,-2.42,0.01,-0.06,-0.01
-3.44,8.97,-2.39,0.01,-0.06,-0.01
-3.43,8.96,-2.4,0.01,-0.06,-0.01
-3.47,8.98,-2.42,0.01,-0.06,-0.0
-3.49,8.95,-2.44,0.01,-0.06,-0.01
-3.46,8.96,-2.37,0.01,-0.06,-0.01
-3.46,8.96,-2.39,0.01,-0.06,-0.01
-3.46,8.96,-2.39,0.01,-0.06,-0.01
-3.47,8.95,-2.38,0.01,-0.06,-0.01
-3.47,8.96,-2.39,0.01,-0.06,-0.01
-3.45,8.93,-2.43,0.01,-0.06,-0.0
-3.48,8.96,-2.43,0.01,-0.05,-0.0
-3.48,8.96,-2.43,0.01,-0.06,-0.0
-3.47,8.97,-2.42,0.01,-0.06,-0.0
-3.45,8.97,-2.41,0.01,-0.06,-0.01
-3.44,8.95,-2.38,0.02,-0.06,-0.01
-3.48,8.97,-2.41,0.02,-0.05,-0.0
-3.46,8.96,-2.43,0.02,-0.05,-0.01
-3.46,8.93,-2.37,0.01,-0.05,-0.01
-3.46,8.99,-2.4,0.01,-0.05,-0.01
-3.47,8.98,-2.4,0.02,-0.05,-0.0
-3.48,8.94,-2.43,0.02,-0.05,-0.0
-3.45,8.94,-2.4,0.02,-0.05,-0.0
-3.47,8.96,-2.45,0.02,-0.05,-0.01
-3.47,8.95,-2.44,0.01,-0.05,-0.0
-3.48,8.95,-2.42,0.01,-0.05,-0.0
-3.46,8.92,-2.39,0.01,-0.05,-0.0
-3.48,8.96,-2.41,0.01,-0.05,-0.0
-3.45,8.97,-2.4,0.02,-0.05,-0.0
-3.46,8.97,-2.42,0.02,-0.05,-0.01
-3.46,8.95,-2.39,0.02,-0.05,-0.0
-3.46,8.95,-2.44,0.02,-0.05,-0.0
-3.49,8.94,-2.44,0.02,-0.05,-0.0
-3.45,8.95,-2.42,0.02,-0.05,-0.0
-3.48,8.96,-2.39,0.02,-0.05,-0.0
-3.45,8.98,-2.41,0.02,-0.05,-0.0
-3.46,8.98,-2.43,0.01,-0.05,-0.0
-3.47,8.96,-2.42,0.01,-0.05,-0.0
-3.43,8.99,-2.39,0.01,-0.05,-0.0
-3.46,8.95,-2.43,0.01,-0.06,-0.0
-3.45,8.98,-2.42,0.02,-0.06,-0.0
-3.47,8.98,-2.41,0.01,-0.05,-0.0
-3.46,8.98,-2.41,0.01,-0.06,-0.0
-3.44,8.94,-2.39,0.01,-0.05,-0.0
-3.47,8.96,-2.41,0.01,-0.06,-0.0
-3.47,8.96,-2.43,0.01,-0.05,-0.01
-3.45,8.95,-2.41,0.01,-0.06,-0.0
-3.45,8.94,-2.42,0.01,-0.06,-0.0
-3.45,8.97,-2.4,0.01,-0.06,-0.01
-3.46,8.96,-2.41,0.01,-0.06,-0.0
-3.47,8.96,-2.4,0.01,-0.06,-0.0
-3.45,8.95,-2.41,0.01,-0.06,-0.0
-3.48,8.97,-2.42,0.01,-0.06,-0.0
-3.47,8.97,-2.42,0.01,-0.06,-0.01
-3.48,8.96,-2.4,0.01,-0.06,-0.01
-3.44,8.97,-2.39,0.01,-0.06,-0.01
-3.46,8.96,-2.41,0.01,-0.06,-0.01
-3.49,9.01,-2.4,0.01,-0.06,-0.01
-3.47,8.96,-2.41,0.01,-0.06,-0.0
-3.44,8.97,-2.42,0.01,-0.06,-0.0
-3.48,8.97,-2.41,0.01,-0.06,-0.01
-3.46,8.96,-2.41,0.01,-0.07,-0.01
-3.48,8.97,-2.42,0.01,-0.07,-0.0
-3.46,8.98,-2.42,0.01,-0.07,-0.01
-3.47,8.95,-2.43,0.01,-0.07,-0.01
-3.44,8.98,-2.42,0.01,-0.07,-0.01
-3.5,8.98,-2.39,0.01,-0.07,-0.01
-3.46,8.95,-2.41,0.01,-0.06,-0.01
-3.46,8.97,-2.4,0.01,-0.06,-0.01
-3.47,8.94,-2.45,0.01,-0.07,-0.0
-3.46,8.97,-2.41,0.01,-0.07,-0.01
-3.46,8.95,-2.41,0.01,-0.07,-0.01
-3.45,8.99,-2.42,0.01,-0.07,-0.01
-3.47,9.0,-2.42,0.01,-0.07,-0.0
-3.46,8.99,-2.43,0.01,-0.07,-0.01
-3.45,8.94,-2.43,0.01,-0.06,-0.01
-3.42,8.93,-2.4,0.01,-0.07,-0.01
-3.46,8.96,-2.42,0.01,-0.06,-0.01
-3.47,9.0,-2.44,0.01,-0.07,-0.01
-3.47,8.96,-2.43,0.01,-0.07,-0.01
-3.43,8.97,-2.39,0.01,-0.07,-0.01
-3.45,8.96,-2.41,0.01,-0.07,-0.0
-3.47,8.95,-2.43,0.01,-0.07,-0.0
-3.47,8.98,-2.43,0.01,-0.07,-0.01
-3.46,8.98,-2.39,0.01,-0.06,-0.0
-3.43,8.96,-2.39,0.01,-0.06,-0.0
-3.46,8.95,-2.41,0.01,-0.06,-0.01
-3.48,8.97,-2.42,0.01,-0.06,-0.01
-3.44,8.99,-2.44,0.01,-0.06,-0.01
-3.47,8.98,-2.41,0.01,-0.07,-0.01
-3.46,8.94,-2.39,0.01,-0.06,-0.0
-3.44,8.93,-2.4,0.01,-0.06,-0.0
-3.44,8.96,-2.43,0.01,-0.06,-0.01
-3.46,8.96,-2.4,0.01,-0.06,-0.01
-3.46,8.98,-2.4,0.01,-0.06,-0.01
-3.44,8.96,-2.45,0.01,-0.06,-0.01
-3.45,8.98,-2.42,0.01,-0.06,-0.01
-3.46,8.93,-2.43,0.01,-0.06,-0.01
-3.47,8.95,-2.39,0.01,-0.06,-0.0
-3.46,8.97,-2.41,0.01,-0.06,-0.0
-3.46,8.96,-2.43,0.01,-0.06,-0.01
-3.43,8.96,-2.4,0.01,-0.06,-0.01
-3.46,8.97,-2.43,0.01,-0.06,-0.0
-3.46,8.96,-2.4,0.01,-0.06,-0.0
-3.42,8.96,-2.4,0.01,-0.06,-0.01
-3.44,8.98,-2.41,0.01,-0.06,-0.01
-3.46,8.97,-2.44,0.01,-0.06,-0.01
-3.46,8.97,-2.41,0.01,-0.06,-0.0
-3.46,8.95,-2.4,0.02,-0.06,-0.01
-3.44,8.98,-2.36,0.02,-0.06,-0.01
-3.45,8.96,-2.39,0.01,-0.06,-0.01
-3.44,8.95,-2.43,0.01,-0.06,-0.01
-3.46,8.93,-2.38,0.01,-0.06,-0.01
-3.42,8.97,-2.37,0.02,-0.06,-0.01
-3.46,8.96,-2.38,0.02,-0.06,-0.01
-3.46,8.96,-2.43,0.01,-0.06,-0.01
-3.47,8.94,-2.42,0.02,-0.06,-0.01
-3.46,8.95,-2.44,0.02,-0.05,-0.01
-3.45,8.96,-2.4,0.01,-0.06,-0.01
-3.48,8.98,-2.43,0.01,-0.06,-0.01
-3.46,8.93,-2.39,0.01,-0.06,-0.01
-3.47,8.94,-2.4,0.01,-0.06,-0.01
-3.43,8.97,-2.4,0.01,-0.06,-0.01
-3.47,8.98,-2.41,0.01,-0.06,-0.0
-3.46,8.97,-2.41,0.01,-0.06,-0.01
-3.45,8.94,-2.39,0.01,-0.06,-0.01
-3.46,8.94,-2.4,0.01,-0.06,-0.01
-3.47,8.96,-2.42,0.01,-0.06,-0.0
-3.5,8.96,-2.42,0.01,-0.06,-0.0
-3.5,8.95,-2.4,0.01,-0.06,-0.0
-3.45,8.95,-2.41,0.01,-0.06,-0.01
-3.46,8.96,-2.41,0.01,-0.06,-0.0
-3.47,8.95,-2.42,0.01,-0.05,-0.0
-3.46,8.96,-2.39,0.01,-0.06,-0.01
-3.47,8.93,-2.38,0.01,-0.05,-0.01
-3.46,8.98,-2.41,0.01,-0.06,-0.0
-3.46,8.97,-2.41,0.01,-0.06,-0.0
-3.43,8.93,-2.39,0.01,-0.06,-0.01
-3.44,8.97,-2.38,0.01,-0.06,-0.01
-3.46,8.97,-2.41,0.01,-0.06,-0.01
-3.47,8.98,-2.41,0.01,-0.06,-0.0
-3.44,8.97,-2.42,0.01,-0.06,-0.01
-3.42,8.95,-2.36,0.02,-0.06,-0.01
-3.44,8.97,-2.4,0.01,-0.06,-0.01
-3.45,8.99,-2.41,0.01,-0.06,-0.0
-3.45,8.97,-2.43,0.02,-0.06,-0.01
-3.46,8.96,-2.42,0.01,-0.06,-0.01
-3.47,8.98,-2.38,0.01,-0.06,-0.01
-3.47,8.98,-2.43,0.01,-0.06,-0.0
-3.45,8.98,-2.42,0.01,-0.06,-0.01
-3.43,8.97,-2.41,0.01,-0.06,-0.01
-3.44,8.96,-2.41,0.01,-0.06,-0.01
-3.44,8.99,-2.42,0.01,-0.06,-0.01
-3.43,8.96,-2.42,0.01,-0.06,-0.01
-3.45,8.94,-2.4,0.01,-0.06,-0.01
-3.47,8.94,-2.39,0.01,-0.07,-0.01
-3.47,8.97,-2.4,0.01,-0.06,-0.01
-3.46,8.96,-2.43,0.01,-0.06,-0.0
-3.46,8.95,-2.41,0.01,-0.06,-0.01
-3.46,8.95,-2.4,0.01,-0.06,-0.0
-3.45,8.97,-2.39,0.01,-0.06,-0.01
-3.5,8.95,-2.42,0.01,-0.06,-0.0
-3.46,8.96,-2.4,0.01,-0.06,-0.01
-3.44,8.94,-2.41,0.01,-0.06,-0.01
-3.45,8.95,-2.41,0.01,-0.06,-0.01
-3.45,8.96,-2.39,0.01,-0.06,-0.01
-3.48,8.96,-2.42,0.01,-0.06,-0.01
-3.45,8.97,-2.44,0.01,-0.06,-0.01
-3.47,8.97,-2.43,0.01,-0.06,-0.0
-3.46,8.96,-2.41,0.01,-0.06,-0.0
-3.46,8.97,-2.4,0.01,-0.06,-0.01
-3.44,8.95,-2.41,0.01,-0.07,-0.01
-3.46,8.95,-2.41,0.01,-0.07,-0.01
-3.46,8.97,-2.41,0.01,-0.06,-0.01
-3.45,8.95,-2.42,0.01,-0.06,-0.01
-3.48,8.95,-2.42,0.01,-0.06,-0.01
-3.46,8.94,-2.41,0.01,-0.06,-0.01
-3.45,8.96,-2.42,0.01,-0.06,-0.01
-3.47,8.94,-2.41,0.01,-0.06,-0.01
-3.43,8.95,-2.4,0.01,-0.06,-0.01
-3.46,8.95,-2.4,0.01,-0.06,-0.01
-3.45,8.94,-2.42,0.01,-0.06,-0.01
-3.46,8.94,-2.41,0.01,-0.06,-0.01
-3.44,8.95,-2.4,0.01,-0.06,-0.01
-3.49,8.94,-2.41,0.01,-0.06,-0.01
-3.46,8.96,-2.38,0.01,-0.06,-0.01
-3.44,8.96,-2.42,0.01,-0.06,-0.01
-3.46,8.95,-2.39,0.01,-0.06,-0.0
-3.44,8.95,-2.38,0.01,-0.06,-0.0
-3.46,8.98,-2.43,0.01,-0.06,-0.0
-3.45,8.94,-2.4,0.01,-0.06,-0.0
-3.45,8.95,-2.41,0.01,-0.06,-0.01
-3.45,8.91,-2.38,0.01,-0.06,-0.01
-3.48,8.96,-2.41,0.01,-0.06,-0.0
-3.46,8.95,-2.41,0.01,-0.06,-0.0
-3.46,8.95,-2.38,0.01,-0.06,-0.01
-3.45,8.96,-2.42,0.01,-0.06,-0.01
-3.44,8.99,-2.38,0.01,-0.06,-0.01
-3.46,8.98,-2.41,0.01,-0.06,-0.01
-3.45,8.96,-2.35,0.01,-0.06,-0.01
-3.44,8.96,-2.41,0.01,-0.06,-0.01
-3.44,8.94,-2.4,0.01,-0.06,-0.01
-3.48,8.99,-2.4,0.01,-0.06,-0.01
-3.47,8.96,-2.42,0.01,-0.06,-0.01
-3.43,8.94,-2.41,0.01,-0.06,-0.01
-3.45,8.96,-2.39,0.01,-0.06,-0.01
-3.44,8.97,-2.42,0.01,-0.06,-0.01
-3.44,8.97,-2.41,0.01,-0.06,-0.0
-3.41,8.95,-2.39,0.01,-0.06,-0.01
-3.43,8.97,-2.4,0.01,-0.06,-0.0
-3.46,8.95,-2.43,0.01,-0.06,-0.0
-3.47,8.97,-2.41,0.01,-0.06,-0.0
-3.47,8.96,-2.44,0.01,-0.06,-0.0
-3.44,8.98,-2.43,0.01,-0.06,-0.01
-3.45,8.96,-2.41,0.01,-0.06,-0.01
-3.47,8.99,-2.39,0.01,-0.06,-0.01
-3.45,8.98,-2.41,0.01,-0.06,-0.01
-3.41,8.97,-2.4,0.01,-0.06,-0.0
-3.47,9.0,-2.41,0.02,-0.06,-0.0
-3.49,8.96,-2.42,0.01,-0.06,-0.01
-3.45,8.94,-2.41,0.01,-0.06,-0.01
-3.47,8.97,-2.42,0.02,-0.06,-0.01
-3.47,8.98,-2.44,0.02,-0.06,-0.01
-3.45,8.95,-2.41,0.02,-0.06,-0.01
-3.47,8.93,-2.44,0.02,-0.06,-0.01
-3.44,8.96,-2.42,0.01,-0.06,-0.0
-3.45,8.96,-2.42,0.01,-0.06,-0.0
-3.45,8.98,-2.44,0.01,-0.06,-0.0
-3.46,8.98,-2.39,0.01,-0.06,-0.01
-3.48,8.97,-2.37,0.01,-0.06,-0.01
-3.46,8.99,-2.43,0.01,-0.06,-0.01
-3.5,8.98,-2.43,0.01,-0.06,-0.0
-3.47,8.96,-2.41,0.01,-0.06,-0.0
-3.44,8.94,-2.38,0.01,-0.06,-0.01
-3.48,8.97,-2.4,0.01,-0.06,-0.0
-3.5,8.96,-2.43,0.01,-0.06,-0.01
-3.47,8.96,-2.43,0.01,-0.06,-0.01
-3.45,8.98,-2.38,0.01,-0.06,-0.01
-3.45,8.97,-2.42,0.01,-0.06,-0.01
-3.49,8.96,-2.42,0.01,-0.06,-0.01
-3.46,8.96,-2.4,0.01,-0.06,-0.0
-3.46,8.93,-2.39,0.01,-0.06,-0.0
-3.45,8.96,-2.39,0.01,-0.06,-0.01
-3.48,8.96,-2.44,0.01,-0.06,-0.01
-3.47,9.0,-2.42,0.01,-0.06,-0.01
-3.47,8.98,-2.41,0.01,-0.06,-0.01
-3.45,8.98,-2.37,0.01,-0.06,-0.01
-3.46,8.98,-2.44,0.01,-0.06,-0.0
-3.43,8.97,-2.41,0.01,-0.06,-0.01
-3.46,8.96,-2.42,0.01,-0.06,-0.01
-3.42,8.97,-2.38,0.01,-0.06,-0.0
-3.45,8.98,-2.4,0.01,-0.06,-0.01
-3.46,8.99,-2.42,0.01,-0.06,-0.0
-3.46,8.97,-2.4,0.01,-0.06,-0.0
-3.45,8.98,-2.4,0.01,-0.06,-0.01
-3.45,8.95,-2.44,0.01,-0.06,-0.01
-3.48,8.97,-2.38,0.01,-0.06,-0.01
-3.46,8.97,-2.42,0.01,-0.06,-0.01
-3.45,8.96,-2.4,0.01,-0.06,-0.01
-3.47,8.95,-2.42,0.01,-0.06,-0.0
-3.46,8.97,-2.41,0.01,-0.06,-0.0
-3.47,8.96,-2.42,0.01,-0.06,-0.01
-3.45,8.96,-2.39,0.01,-0.06,-0.01
-3.46,8.96,-2.42,0.01,-0.06,-0.01
-3.44,8.96,-2.39,0.01,-0.06,-0.01
-3.45,8.97,-2.39,0.01,-0.06,-0.01
-3.44,8.95,-2.41,0.01,-0.06,-0.01
-3.46,8.96,-2.38,0.01,-0.06,-0.0
-3.49,8.96,-2.43,0.01,-0.06,-0.0
-3.45,8.97,-2.41,0.01,-0.06,-0.0
-3.44,8.95,-2.4,0.01,-0.06,-0.01
-3.46,8.96,-2.39,0.01,-0.06,-0.01
-3.45,8.98,-2.39,0.01,-0.06,-0.01
-3.43,8.95,-2.41,0.01,-0.06,-0.01
-3.46,8.96,-2.39,0.01,-0.06,-0.01
-3.47,8.97,-2.38,0.01,-0.06,-0.0
-3.43,8.95,-2.42,0.01,-0.06,-0.0
-3.43,8.93,-2.42,0.01,-0.06,-0.01
-3.42,8.97,-2.41,0.01,-0.06,-0.0
-3.46,8.98,-2.4,0.01,-0.06,-0.01
-3.45,8.98,-2.43,0.01,-0.06,-0.01
-3.47,8.98,-2.42,0.01,-0.06,-0.01
-3.43,8.97,-2.41,0.01,-0.06,-0.01
-3.45,8.96,-2.4,0.01,-0.06,-0.0
-3.46,8.97,-2.39,0.01,-0.06,-0.01
-3.46,8.95,-2.37,0.01,-0.06,-0.01
-3.45,8.97,-2.4,0.01,-0.06,-0.01
-3.44,8.96,-2.42,0.01,-0.06,-0.01
-3.45,8.97,-2.42,0.01,-0.06,-0.0
-3.45,8.99,-2.41,0.02,-0.06,-0.01
-3.46,8.98,-2.41,0.01,-0.06,-0.01
-3.44,8.98,-2.4,0.02,-0.06,-0.01
-3.46,8.95,-2.41,0.01,-0.06,-0.01
-3.46,8.97,-2.4,0.01,-0.06,-0.01
-3.45,8.97,-2.42,0.02,-0.06,-0.01
-3.47,8.96,-2.38,0.02,-0.06,-0.01
-3.49,8.96,-2.4,0.02,-0.06,-0.0
-3.5,8.95,-2.4,0.02,-0.06,-0.01
-3.47,8.98,-2.38,0.01,-0.06,-0.01
-3.47,8.96,-2.39,0.01,-0.06,-0.01
-3.46,8.95,-2.4,0.01,-0.06,-0.01
-3.47,9.0,-2.41,0.01,-0.06,-0.01
-3.44,8.98,-2.39,0.01,-0.06,-0.01
-3.46,8.97,-2.4,0.01,-0.06,-0.01
-3.45,8.96,-2.39,0.01,-0.06,-0.01
-3.46,8.97,-2.42,0.01,-0.06,-0.01
-3.46,8.96,-2.4,0.01,-0.06,-0.01
-3.45,8.97,-2.39,0.01,-0.06,-0.01
-3.45,8.97,-2.36,0.01,-0.06,-0.0
-3.47,8.99,-2.41,0.01,-0.06,-0.0
-3.47,8.93,-2.44,0.01,-0.06,-0.01
-3.45,8.96,-2.39,0.01,-0.06,-0.01
-3.46,8.94,-2.41,0.01,-0.06,-0.01
-3.45,8.97,-2.42,0.01,-0.06,-0.01
-3.46,8.97,-2.39,0.01,-0.06,-0.01
-3.46,8.94,-2.4,0.01,-0.06,-0.0
-3.44,8.94,-2.39,0.02,-0.06,-0.01
-3.45,8.96,-2.42,0.02,-0.06,-0.01
-3.45,8.99,-2.41,0.01,-0.06,-0.0
-3.47,8.93,-2.42,0.01,-0.06,-0.01
-3.47,8.99,-2.42,0.01,-0.06,-0.01
-3.44,8.97,-2.39,0.01,-0.06,-0.01
-3.47,8.99,-2.4,0.01,-0.06,-0.01
-3.45,8.95,-2.4,0.01,-0.06,-0.01
-3.46,8.96,-2.37,0.01,-0.06,-0.01
-3.46,8.95,-2.37,0.01,-0.06,-0.01
-3.46,8.94,-2.38,0.01,-0.06,-0.0
-3.46,8.96,-2.41,0.01,-0.06,-0.0
-3.46,8.95,-2.39,0.01,-0.06,-0.01
-3.45,8.97,-2.39,0.02,-0.06,-0.01
-3.48,8.96,-2.41,0.02,-0.06,-0.01
-3.47,8.98,-2.41,0.01,-0.06,-0.01
-3.44,8.95,-2.41,0.01,-0.06,-0.01
-3.45,8.95,-2.38,0.01,-0.06,-0.01
-3.47,8.96,-2.43,0.01,-0.06,-0.01
-3.47,8.97,-2.42,0.01,-0.06,-0.01
-3.46,8.96,-2.41,0.01,-0.06,-0.0
-3.45,8.95,-2.39,0.01,-0.06,-0.01
-3.46,8.99,-2.43,0.01,-0.06,-0.01
-3.46,8.98,-2.41,0.01,-0.06,-0.01
-3.45,8.96,-2.4,0.01,-0.06,-0.01
-3.43,8.96,-2.41,0.01,-0.06,-0.01
-3.47,8.98,-2.42,0.01,-0.06,-0.01
-3.48,8.98,-2.4,0.01,-0.06,-0.01
-3.48,8.97,-2.36,0.01,-0.06,-0.0
-3.43,9.0,-2.42,0.01,-0.06,-0.0
